seg_idx,MSLINK,zone_id,zone_idx,BLM,ELM,segment_length_mi,length_norm,RTE_NME,ID_NUMBER,FUNC_CLASS,SR_DESIGNA,ADM_SYS,NME_CNTY
0,473,1,0,12.68,14.15,1.47,0.05252626,MEMPHIS ARLINGTON RD.,7902875001,U / MAJ COL,--,"18-STP URBAN, NON-STATE SYS.",SHELBY
1,583,1,0,0.011,1.74,1.729,0.06178089,APPLING RD.,7904452001,U / MIN ART,--,"18-STP URBAN, NON-STATE SYS.",SHELBY
2,829,1,0,0.0,2.28,2.28,0.08146931,APPLING RD.,7905135001,U / MIN ART,--,"18-STP URBAN, NON-STATE SYS.",SHELBY
3,1078,1,0,0.0,1.31,1.31,0.04680912,YALE RD.,7905427001,U / MIN ART,--,"18-STP URBAN, NON-STATE SYS.",SHELBY
4,1079,1,0,1.31,1.873,0.563,0.0201172,BROTHER BLVD.,7905427001,U / MIN ART,--,"18-STP URBAN, NON-STATE SYS.",SHELBY
5,1080,1,0,1.873,1.88,0.007,0.00025013,BROTHER BLVD.,7905427001,U / MIN ART,--,"18-STP URBAN, NON-STATE SYS.",SHELBY
6,1143,1,0,0.0,0.43,0.43,0.01536483,APPLING RD.,7905483001,U / MAJ COL,--,"18-STP URBAN, NON-STATE SYS.",SHELBY
7,5702,1,0,0.0,0.606,0.606,0.02165368,VAN DER VEER DR.,790D757001,U / LOCAL,--,12-OTHER CITY STREETS,SHELBY
8,5719,1,0,0.01,0.675,0.665,0.02376188,SANTA VALLEY ST.,790D771001,U / LOCAL,--,12-OTHER CITY STREETS,SHELBY
9,5721,1,0,0.0,0.299,0.299,0.01068391,LAMESA LN.,790D773001,U / LOCAL,--,12-OTHER CITY STREETS,SHELBY
10,5722,1,0,0.0,0.281,0.281,0.01004073,DEVINE ST.,790D774001,U / LOCAL,--,12-OTHER CITY STREETS,SHELBY
11,5726,1,0,0.045,0.164,0.119,0.00425213,CROWELL ST.,790D777001,U / LOCAL,--,12-OTHER CITY STREETS,SHELBY
12,5728,1,0,0.008,0.219,0.211,0.00753948,CHRISTOVAL ST.,790D778001,U / LOCAL,--,12-OTHER CITY STREETS,SHELBY
13,5808,1,0,0.0,0.506,0.506,0.01808047,FOURTH ST.,790D843001,U / LOCAL,--,12-OTHER CITY STREETS,SHELBY
14,5843,1,0,0.0,0.514,0.514,0.01836633,EARLYNN DR.,790D869001,U / LOCAL,--,12-OTHER CITY STREETS,SHELBY
15,5844,1,0,0.514,0.788,0.274,0.00979061,COUNTRY LAKE DR.,790D869001,U / LOCAL,--,12-OTHER CITY STREETS,SHELBY
16,5845,1,0,0.0,0.624,0.624,0.02229686,HAYNES RD.,790D870001,U / LOCAL,--,12-OTHER CITY STREETS,SHELBY
17,5846,1,0,0.624,1.193,0.569,0.02033159,WINDERSVILLE DR.,790D870001,U / LOCAL,--,12-OTHER CITY STREETS,SHELBY
18,5847,1,0,0.0,0.424,0.424,0.01515043,STEPHEN FRANKLIN DR.,790D871001,U / LOCAL,--,12-OTHER CITY STREETS,SHELBY
19,5848,1,0,0.424,0.548,0.124,0.00443079,WATERFALL DR.,790D871001,U / LOCAL,--,12-OTHER CITY STREETS,SHELBY
20,5851,1,0,0.0,0.402,0.402,0.01436433,TERRY FRANKLIN DR.,790D873001,U / LOCAL,--,12-OTHER CITY STREETS,SHELBY
21,5862,1,0,0.0,2.222,2.222,0.07939684,ELLIS RD.,790D884001,U / LOCAL,--,12-OTHER CITY STREETS,SHELBY
22,5864,1,0,0.0,0.293,0.293,0.01046952,BERRETTA RD.,790D886001,U / LOCAL,--,12-OTHER CITY STREETS,SHELBY
23,13340,1,0,0.0,0.078,0.078,0.00278711,BIG SPRINGS LN.,790L249001,U / LOCAL,--,12-OTHER CITY STREETS,SHELBY
24,13342,1,0,0.278,0.347,0.069,0.00246552,CARAHILLS LN.,790L249001,U / LOCAL,--,12-OTHER CITY STREETS,SHELBY
25,13343,1,0,0.0,0.365,0.365,0.01304224,EARLYNN DR.,790L250001,U / LOCAL,--,12-OTHER CITY STREETS,SHELBY
26,13375,1,0,0.0,0.524,0.524,0.01872365,SANDYWOOD LN.,790L277001,U / LOCAL,--,12-OTHER CITY STREETS,SHELBY
27,13379,1,0,0.0,0.285,0.285,0.01018366,POLLY DR.,790L280001,U / LOCAL,--,12-OTHER CITY STREETS,SHELBY
28,13380,1,0,0.0,0.429,0.429,0.01532909,JILLS CREEK DR.,790L281001,U / LOCAL,--,12-OTHER CITY STREETS,SHELBY
29,13383,1,0,0.0,0.138,0.138,0.00493104,ALLBRIGHT CV.,790L283001,U / LOCAL,--,12-OTHER CITY STREETS,SHELBY
30,13387,1,0,0.124,0.213,0.089,0.00318016,SUNRISE LN.,790L285001,U / LOCAL,--,12-OTHER CITY STREETS,SHELBY
31,13388,1,0,0.0,0.15,0.15,0.00535982,BRANDON LN.,790L286001,U / LOCAL,--,12-OTHER CITY STREETS,SHELBY
32,13389,1,0,0.0,0.094,0.094,0.00335882,COUNTRY LANE CV.,790L287001,U / LOCAL,--,12-OTHER CITY STREETS,SHELBY
33,13390,1,0,0.0,0.555,0.555,0.01983134,CLAREDALE DR.,790L289001,U / LOCAL,--,12-OTHER CITY STREETS,SHELBY
34,13400,1,0,0.0,0.224,0.224,0.008004,RUSSELL HURST DR. E.,790L302001,U / LOCAL,--,12-OTHER CITY STREETS,SHELBY
35,13834,1,0,0.0,0.073,0.073,0.00260845,JOSHUA CV.,790L661001,U / LOCAL,--,12-OTHER CITY STREETS,SHELBY
36,13835,1,0,0.0,0.324,0.324,0.01157722,GAIL DR.,790L662001,U / LOCAL,--,12-OTHER CITY STREETS,SHELBY
37,13838,1,0,0.0,0.435,0.435,0.01554349,LA CASA DR.,790L664001,U / LOCAL,--,12-OTHER CITY STREETS,SHELBY
38,13839,1,0,0.0,0.363,0.363,0.01297077,SHADY OAKS DR.,790L665001,U / LOCAL,--,12-OTHER CITY STREETS,SHELBY
39,13840,1,0,0.0,0.551,0.551,0.01968842,BROADWAY ST.,790L666001,U / LOCAL,--,12-OTHER CITY STREETS,SHELBY
40,13846,1,0,0.0,0.052,0.052,0.00185807,DON VALLEY CV.,790L672001,U / LOCAL,--,12-OTHER CITY STREETS,SHELBY
41,13847,1,0,0.0,0.094,0.094,0.00335882,BAJA VALLEY DR.,790L673001,U / LOCAL,--,12-OTHER CITY STREETS,SHELBY
42,13855,1,0,0.038,0.154,0.116,0.00414493,CHERRY BREEZE DR.,790L680001,U / LOCAL,--,12-OTHER CITY STREETS,SHELBY
43,13859,1,0,0.0,0.782,0.782,0.02794254,SUMMERDALE DR.,790L684001,U / LOCAL,--,12-OTHER CITY STREETS,SHELBY
44,13863,1,0,0.148,0.372,0.224,0.008004,AUGUST DR.,790L686001,U / LOCAL,--,12-OTHER CITY STREETS,SHELBY
45,13865,1,0,0.099,0.417,0.318,0.01136282,OLIVIA HILL DR.,790L687001,U / LOCAL,--,12-OTHER CITY STREETS,SHELBY
46,13869,1,0,0.15,0.297,0.147,0.00525263,OVERCREEK LN.,790L690001,U / LOCAL,--,12-OTHER CITY STREETS,SHELBY
47,13871,1,0,0.152,0.286,0.134,0.00478811,RIPPLECHASE DR.,790L691001,U / LOCAL,--,12-OTHER CITY STREETS,SHELBY
48,13872,1,0,0.286,0.403,0.117,0.00418066,ELLENVIEW CV. N.,790L691001,U / LOCAL,--,12-OTHER CITY STREETS,SHELBY
49,13873,1,0,0.0,0.046,0.046,0.00164368,ELLENVIEW CV. W.,790L692001,U / LOCAL,--,12-OTHER CITY STREETS,SHELBY
50,13876,1,0,0.0,0.233,0.233,0.00832559,SOUTHERN WAY,790L695001,U / LOCAL,--,12-OTHER CITY STREETS,SHELBY
51,13878,1,0,0.0,0.343,0.343,0.01225613,APPLING LAKE DR.,790L697001,U / LOCAL,--,12-OTHER CITY STREETS,SHELBY
52,13879,1,0,0.0,0.151,0.151,0.00539555,FLAHERTY PL.,790L698001,U / LOCAL,--,12-OTHER CITY STREETS,SHELBY
53,15171,1,0,0.0,0.027,0.027,0.00096477,WHEELERS CV.,790M736001,U / LOCAL,--,12-OTHER CITY STREETS,SHELBY
54,15173,1,0,0.0,0.512,0.512,0.01829486,BARTLETT COUNTRY RD.,790M738001,U / LOCAL,--,12-OTHER CITY STREETS,SHELBY
55,15174,1,0,0.512,1.015,0.503,0.01797327,SUNNY MEADOWS DR.,790M738001,U / LOCAL,--,12-OTHER CITY STREETS,SHELBY
56,16059,1,0,16.78,20.299,3.519,0.12574144,US-HWY. 70 / 79,79SR001001,U OTH PRIN  ART,PRIMARY,"13-NHS URBAN, STATE SYS.",SHELBY
57,472,2,1,12.26,12.68,0.42,0.01788833,CENTRALIA RD.,7902875001,U / MAJ COL,--,"18-STP URBAN, NON-STATE SYS.",SHELBY
58,572,2,1,1.2,1.3,0.1,0.00425913,ST. ELMO RD.,7904384001,U / MAJ COL,--,"18-STP URBAN, NON-STATE SYS.",SHELBY
59,573,2,1,1.3,1.71,0.41,0.01746241,ST. ELMO RD.,7904384001,U / MIN ART,--,"18-STP URBAN, NON-STATE SYS.",SHELBY
60,584,2,1,0.0,1.61,1.61,0.06857192,OAK RD.,7904453001,U / MIN ART,--,"18-STP URBAN, NON-STATE SYS.",SHELBY
61,585,2,1,0.0,0.65,0.65,0.02768431,ST. ELMO RD.,7904454001,U / MIN ART,--,"18-STP URBAN, NON-STATE SYS.",SHELBY
62,586,2,1,0.65,1.043,0.393,0.01673836,CEDAR RD.,7904454001,U / MAJ COL,--,"18-STP URBAN, NON-STATE SYS.",SHELBY
63,587,2,1,1.043,1.48,0.437,0.01861238,BROADWAY RD.,7904454001,U / MAJ COL,--,"18-STP URBAN, NON-STATE SYS.",SHELBY
64,810,2,1,0.0,0.53,0.53,0.02257336,MEMPHIS ARLINGTON RD.,7905128001,U / MAJ COL,--,"18-STP URBAN, NON-STATE SYS.",SHELBY
65,820,2,1,5.2,7.78,2.58,0.10988543,KIRBY-WHITTEN PKWY.,7905131001,U / MIN ART,--,"18-STP URBAN, NON-STATE SYS.",SHELBY
66,5666,2,1,0.109,0.362,0.253,0.01077559,RUFFLE DR.,790D723001,U / LOCAL,--,12-OTHER CITY STREETS,SHELBY
67,5674,2,1,0.0,0.513,0.513,0.02184931,DEERMONT DR.,790D730001,U / LOCAL,--,12-OTHER CITY STREETS,SHELBY
68,5731,2,1,0.0,0.323,0.323,0.01375697,EIGHTH RD.,790D780001,U / LOCAL,--,12-OTHER CITY STREETS,SHELBY
69,5732,2,1,0.0,0.536,0.536,0.02282891,SEVENTH RD.,790D781001,U / LOCAL,--,12-OTHER CITY STREETS,SHELBY
70,5733,2,1,0.0,0.376,0.376,0.01601431,ANDREWS RD.,790D782001,U / LOCAL,--,12-OTHER CITY STREETS,SHELBY
71,5736,2,1,0.264,0.708,0.444,0.01891052,DEERFIELD RD.,790D784001,U / LOCAL,--,12-OTHER CITY STREETS,SHELBY
72,5738,2,1,0.0,0.346,0.346,0.01473657,MARIETTA ST.,790D785001,U / LOCAL,--,12-OTHER CITY STREETS,SHELBY
73,5741,2,1,0.0,0.652,0.652,0.0277695,BROADWAY RD.,790D788001,U / LOCAL,--,12-OTHER CITY STREETS,SHELBY
74,5745,2,1,0.0,0.293,0.293,0.01247924,--,790D791001,U / LOCAL,--,12-OTHER CITY STREETS,SHELBY
75,5747,2,1,0.0,0.039,0.039,0.00166106,CHERRY HILL DR.,790D793001,U / LOCAL,--,12-OTHER CITY STREETS,SHELBY
76,5748,2,1,0.0,0.145,0.145,0.00617573,BOOTH FORREST DR.,790D794001,U / LOCAL,--,12-OTHER CITY STREETS,SHELBY
77,5761,2,1,0.0,1.46,1.46,0.06218323,LUTHER RD.,790D805001,U / LOCAL,--,12-OTHER CITY STREETS,SHELBY
78,5785,2,1,0.0,0.203,0.203,0.00864602,ETHEL RD.,790D824001,U / LOCAL,--,12-OTHER CITY STREETS,SHELBY
79,5791,2,1,0.0,0.219,0.219,0.00932748,LAUREL HILL LN.,790D829001,U / LOCAL,--,12-OTHER CITY STREETS,SHELBY
80,5792,2,1,0.0,0.201,0.201,0.00856084,CLOVER HILL DR.,790D830001,U / LOCAL,--,12-OTHER CITY STREETS,SHELBY
81,5793,2,1,0.201,0.418,0.217,0.0092423,SILVER HILL LN.,790D830001,U / LOCAL,--,12-OTHER CITY STREETS,SHELBY
82,5794,2,1,0.418,0.727,0.309,0.0131607,CHERRY HILL LN.,790D830001,U / LOCAL,--,12-OTHER CITY STREETS,SHELBY
83,5795,2,1,0.727,0.961,0.234,0.00996635,CORAL HILL DR.,790D830001,U / LOCAL,--,12-OTHER CITY STREETS,SHELBY
84,5796,2,1,0.0,0.24,0.24,0.0102219,PLUM HILL DR.,790D831001,U / LOCAL,--,12-OTHER CITY STREETS,SHELBY
85,5800,2,1,0.0,0.04,0.04,0.00170365,AREKA HILL DR.,790D835001,U / LOCAL,--,12-OTHER CITY STREETS,SHELBY
86,5801,2,1,0.0,0.041,0.041,0.00174624,SILVER HILL DR.,790D836001,U / LOCAL,--,12-OTHER CITY STREETS,SHELBY
87,5806,2,1,0.0,0.176,0.176,0.00749606,GREENLEAF ST.,790D841001,U / LOCAL,--,12-OTHER CITY STREETS,SHELBY
88,5807,2,1,0.0,0.596,0.596,0.02538439,THIRD ST.,790D842001,U / LOCAL,--,12-OTHER CITY STREETS,SHELBY
89,13837,2,1,0.0,0.445,0.445,0.01895311,SANTA CRUZ DR.,790L663001,U / LOCAL,--,12-OTHER CITY STREETS,SHELBY
90,13884,2,1,0.0,0.628,0.628,0.02674731,ANDREWS RD.,790L703001,U / LOCAL,--,12-OTHER CITY STREETS,SHELBY
91,13887,2,1,0.0,0.717,0.717,0.03053793,DOEFIELD TR.,790L706001,U / LOCAL,--,12-OTHER CITY STREETS,SHELBY
92,13892,2,1,0.0,0.227,0.227,0.00966821,MEADOWLANDS PL.,790L711001,U / LOCAL,--,12-OTHER CITY STREETS,SHELBY
93,13899,2,1,0.0,0.244,0.244,0.01039227,BURLOE LN.,790L718001,U / LOCAL,--,12-OTHER CITY STREETS,SHELBY
94,13900,2,1,0.244,0.43,0.186,0.00792197,NOAH LN.,790L718001,U / LOCAL,--,12-OTHER CITY STREETS,SHELBY
95,13905,2,1,0.0,0.205,0.205,0.00873121,MT. PALOMAR DR.,790L723001,U / LOCAL,--,12-OTHER CITY STREETS,SHELBY
96,13906,2,1,0.0,0.187,0.187,0.00796456,MT. PALOMAR CV.,790L724001,U / LOCAL,--,12-OTHER CITY STREETS,SHELBY
97,13909,2,1,0.135,0.406,0.271,0.01154223,MILKYWAY DR.,790L726001,U / LOCAL,--,12-OTHER CITY STREETS,SHELBY
98,13910,2,1,0.0,0.534,0.534,0.02274373,STAR VALLEY DR.,790L727001,U / LOCAL,--,12-OTHER CITY STREETS,SHELBY
99,13912,2,1,0.0,0.316,0.316,0.01345884,BRIGHT STAR LN.,790L729001,U / LOCAL,--,12-OTHER CITY STREETS,SHELBY
100,13916,2,1,0.0,0.033,0.033,0.00140551,LONE STAR CV.,790L733001,U / LOCAL,--,12-OTHER CITY STREETS,SHELBY
101,13921,2,1,0.0,0.108,0.108,0.00459986,GOLDEN STAR CV.,790L737001,U / LOCAL,--,12-OTHER CITY STREETS,SHELBY
102,13922,2,1,0.0,0.046,0.046,0.0019592,MORNING STAR CV.,790L738001,U / LOCAL,--,12-OTHER CITY STREETS,SHELBY
103,13925,2,1,0.0,0.038,0.038,0.00161847,KIRBY LAKE DR.,790L741001,U / LOCAL,--,12-OTHER CITY STREETS,SHELBY
104,13926,2,1,0.0,0.297,0.297,0.0126496,VALLEY LAKE DR.,790L742001,U / LOCAL,--,12-OTHER CITY STREETS,SHELBY
105,13928,2,1,0.0,0.288,0.288,0.01226628,BRIARFIELD LN.,790L744001,U / LOCAL,--,12-OTHER CITY STREETS,SHELBY
106,13929,2,1,0.0,0.429,0.429,0.01827165,WOODSMAN LN.,790L745001,U / LOCAL,--,12-OTHER CITY STREETS,SHELBY
107,14944,2,1,0.0,0.617,0.617,0.0262788,STONETRACE DR.,790M552001,U / LOCAL,--,12-OTHER CITY STREETS,SHELBY
108,14945,2,1,0.0,0.377,0.377,0.0160569,FORREST CIR.,790M553001,U / LOCAL,--,12-OTHER CITY STREETS,SHELBY
109,14946,2,1,0.0,0.267,0.267,0.01137186,WILLOW BREAK DR.,790M554001,U / LOCAL,--,12-OTHER CITY STREETS,SHELBY
110,14948,2,1,0.0,0.037,0.037,0.00157588,TRACE VALLEY CV.,790M555001,U / LOCAL,--,12-OTHER CITY STREETS,SHELBY
111,14953,2,1,0.0,0.032,0.032,0.00136292,GLEN TRACE CV.,790M560001,U / LOCAL,--,12-OTHER CITY STREETS,SHELBY
112,14954,2,1,0.0,0.299,0.299,0.01273478,STONETRACE CIR.,790M561001,U / LOCAL,--,12-OTHER CITY STREETS,SHELBY
113,14961,2,1,0.0,0.132,0.132,0.00562205,CROSSING CV.,790M567001,U / LOCAL,--,12-OTHER CITY STREETS,SHELBY
114,14962,2,1,0.0,0.103,0.103,0.0043869,NANCY LN.,790M568001,U / LOCAL,--,12-OTHER CITY STREETS,SHELBY
115,14963,2,1,0.0,0.037,0.037,0.00157588,NICHOLAS CV.,790M569001,U / LOCAL,--,12-OTHER CITY STREETS,SHELBY
116,14964,2,1,0.0,0.044,0.044,0.00187402,MARCUS CV.,790M570001,U / LOCAL,--,12-OTHER CITY STREETS,SHELBY
117,14966,2,1,0.0,0.112,0.112,0.00477022,CROFT OAK CV.,790M574001,U / LOCAL,--,12-OTHER CITY STREETS,SHELBY
118,14978,2,1,0.0,0.284,0.284,0.01209592,ANGELIN DR.,790M585001,U / LOCAL,--,12-OTHER CITY STREETS,SHELBY
119,14991,2,1,0.357,0.479,0.122,0.00519613,QUAIL LANDING DR.,790M594001,U / LOCAL,--,12-OTHER CITY STREETS,SHELBY
120,15001,2,1,0.0,0.105,0.105,0.00447208,CARRIAGE GLEN DR.,790M601001,U / LOCAL,--,12-OTHER CITY STREETS,SHELBY
121,15003,2,1,0.0,0.117,0.117,0.00498318,COUNTRY BLUFF DR.,790M603001,U / LOCAL,--,12-OTHER CITY STREETS,SHELBY
122,15028,2,1,0.0,0.038,0.038,0.00161847,OAKMOOR CT.,790M625001,U / LOCAL,--,12-OTHER CITY STREETS,SHELBY
123,15031,2,1,0.347,0.405,0.058,0.00247029,OAKMOOR CIR. E.,790M625001,U / LOCAL,--,12-OTHER CITY STREETS,SHELBY
124,15032,2,1,0.405,0.471,0.066,0.00281102,OAKMOOR CIR. N.,790M625001,U / LOCAL,--,12-OTHER CITY STREETS,SHELBY
125,15033,2,1,0.0,0.209,0.209,0.00890157,SUNGATE DR. N.,790M626001,U / LOCAL,--,12-OTHER CITY STREETS,SHELBY
126,15034,2,1,0.209,0.407,0.198,0.00843307,SUNGATE DR. S.,790M626001,U / LOCAL,--,12-OTHER CITY STREETS,SHELBY
127,15041,2,1,0.0,0.04,0.04,0.00170365,SUNGATE DR. W.,790M632001,U / LOCAL,--,12-OTHER CITY STREETS,SHELBY
128,462,3,2,5.59,5.918,0.328,0.00801662,SYCAMORE VIEW RD.,7902875001,U OTH PRIN  ART,--,"16-NHS URBAN, NON-STATE SYS.",SHELBY
129,463,3,2,5.918,7.22,1.302,0.03182207,BARTLETT BLVD.,7902875001,U OTH PRIN  ART,--,"16-NHS URBAN, NON-STATE SYS.",SHELBY
130,476,3,2,1.5,6.45,4.95,0.12098252,RALEIGH-LAGRANGE RD.,7902878001,U / MIN ART,--,"18-STP URBAN, NON-STATE SYS.",SHELBY
131,589,3,2,0.0,1.02,1.02,0.02492973,ELMORE PARK RD.,7904456001,U / MAJ COL,--,"18-STP URBAN, NON-STATE SYS.",SHELBY
132,591,3,2,0.0,0.31,0.31,0.00757668,BARTLETT RD.,7904458001,U / MAJ COL,--,"18-STP URBAN, NON-STATE SYS.",SHELBY
133,710,3,2,0.0,0.96,0.96,0.02346328,HOMEWOOD RD.,7905058001,U / MAJ COL,--,"18-STP URBAN, NON-STATE SYS.",SHELBY
134,816,3,2,2.48,4.847,2.367,0.05785164,WHITTEN RD.,7905131001,U / MIN ART,--,"18-STP URBAN, NON-STATE SYS.",SHELBY
135,817,3,2,4.847,4.89,0.043,0.00105096,WHITTEN RD.,7905131001,U / MIN ART,--,"18-STP URBAN, NON-STATE SYS.",SHELBY
136,818,3,2,4.89,5.09,0.2,0.00488818,WHITTEN RD.,7905131001,U / MIN ART,--,"18-STP URBAN, NON-STATE SYS.",SHELBY
137,819,3,2,5.09,5.2,0.11,0.0026885,WHITTEN RD.,7905131001,U / MIN ART,--,"18-STP URBAN, NON-STATE SYS.",SHELBY
138,836,3,2,1.44,2.67,1.23,0.03006232,REESE RD.,7905136001,U / MIN ART,--,"18-STP URBAN, NON-STATE SYS.",SHELBY
139,845,3,2,0.0,0.2,0.2,0.00488818,ELMORE RD.,7905143001,U / MAJ COL,--,"18-STP URBAN, NON-STATE SYS.",SHELBY
140,846,3,2,0.2,1.1,0.9,0.02199682,ELMORE RD.,7905143001,U / MAJ COL,--,"18-STP URBAN, NON-STATE SYS.",SHELBY
141,847,3,2,1.1,1.112,0.012,0.00029329,ELMORE RD.,7905143001,U / MAJ COL,--,"18-STP URBAN, NON-STATE SYS.",SHELBY
142,848,3,2,1.112,1.88,0.768,0.01877062,ELMORE RD.,7905143001,U / MIN ART,--,"18-STP URBAN, NON-STATE SYS.",SHELBY
143,3429,3,2,0.0,0.875,0.875,0.0213858,CARNES AVE.,790B847001,U / LOCAL,--,12-OTHER CITY STREETS,SHELBY
144,5538,3,2,0.0,0.28,0.28,0.00684346,MCCULLEY ST.,790D620001,U / LOCAL,--,12-OTHER CITY STREETS,SHELBY
145,5542,3,2,0.0,0.412,0.412,0.01006966,FERGUSON RD.,790D624001,U / LOCAL,--,12-OTHER CITY STREETS,SHELBY
146,5543,3,2,0.412,0.587,0.175,0.00427716,MARBRY DR.,790D624001,U / LOCAL,--,12-OTHER CITY STREETS,SHELBY
147,5544,3,2,0.0,0.24,0.24,0.00586582,SHELBY ST.,790D625001,U / LOCAL,--,12-OTHER CITY STREETS,SHELBY
148,5545,3,2,0.0,0.097,0.097,0.00237077,HOOD ST.,790D626001,U / LOCAL,--,12-OTHER CITY STREETS,SHELBY
149,5546,3,2,0.0,0.181,0.181,0.00442381,ALFAREE ST.,790D627001,U / LOCAL,--,12-OTHER CITY STREETS,SHELBY
150,5548,3,2,0.0,0.393,0.393,0.00960528,MAGNOLIA WOODS DR.,790D629001,U / LOCAL,--,12-OTHER CITY STREETS,SHELBY
151,5550,3,2,0.0,0.143,0.143,0.00349505,HONEY BEE LN.,790D631001,U / LOCAL,--,12-OTHER CITY STREETS,SHELBY
152,5551,3,2,0.0,0.457,0.457,0.0111695,FLOWERING TREE DR.,790D632001,U / LOCAL,--,12-OTHER CITY STREETS,SHELBY
153,5557,3,2,0.0,0.277,0.277,0.00677013,ROBIN HOP AVE.,790D637001,U / LOCAL,--,12-OTHER CITY STREETS,SHELBY
154,5563,3,2,0.0,0.502,0.502,0.01226934,BARTLETT WOODS DR.,790D643001,U / LOCAL,--,12-OTHER CITY STREETS,SHELBY
155,5564,3,2,0.0,0.179,0.179,0.00437492,CURBERTSON ST.,790D644001,U / LOCAL,--,12-OTHER CITY STREETS,SHELBY
156,5568,3,2,0.0,0.18,0.18,0.00439936,CHAMPAIGN ST.,790D646001,U / LOCAL,--,12-OTHER CITY STREETS,SHELBY
157,5569,3,2,0.18,0.29,0.11,0.0026885,BARTLET GROVE ST.,790D646001,U / LOCAL,--,12-OTHER CITY STREETS,SHELBY
158,5571,3,2,0.0,0.177,0.177,0.00432604,PAGELY PL.,790D647001,U / LOCAL,--,12-OTHER CITY STREETS,SHELBY
159,5576,3,2,0.0,0.175,0.175,0.00427716,W. LAKE OAKS DR.,790D651001,U / LOCAL,--,12-OTHER CITY STREETS,SHELBY
160,5577,3,2,0.175,0.374,0.199,0.00486374,S. LAKE OAKS DR.,790D651001,U / LOCAL,--,12-OTHER CITY STREETS,SHELBY
161,5584,3,2,0.0,0.203,0.203,0.00496151,FAIRWAYS OAKS,790D657001,U / LOCAL,--,12-OTHER CITY STREETS,SHELBY
162,5585,3,2,0.0,0.391,0.391,0.0095564,DIPLOMAT PL.,790D658001,U / LOCAL,--,12-OTHER CITY STREETS,SHELBY
163,5586,3,2,0.0,0.102,0.102,0.00249297,PENNICLE PL.,790D659001,U / LOCAL,--,12-OTHER CITY STREETS,SHELBY
164,5587,3,2,0.0,0.143,0.143,0.00349505,LACOSTA DR.,790D660001,U / LOCAL,--,12-OTHER CITY STREETS,SHELBY
165,5588,3,2,0.143,0.571,0.428,0.01046071,BARRENTINE DR.,790D660001,U / LOCAL,--,12-OTHER CITY STREETS,SHELBY
166,5589,3,2,0.0,0.575,0.575,0.01405353,KENWOOD RD.,790D661001,U / LOCAL,--,12-OTHER CITY STREETS,SHELBY
167,5592,3,2,0.0,0.333,0.333,0.00813882,STEEPLECHASE DR.,790D663001,U / LOCAL,--,12-OTHER CITY STREETS,SHELBY
168,5594,3,2,0.0,0.313,0.313,0.00765001,SURREY WOOD DR.,790D665001,U / LOCAL,--,12-OTHER CITY STREETS,SHELBY
169,5595,3,2,0.0,1.349,1.349,0.03297079,IVANHOE RD.,790D666001,U / LOCAL,--,12-OTHER CITY STREETS,SHELBY
170,5605,3,2,0.0,0.305,0.305,0.00745448,TICKLE DR.,790D674001,U / LOCAL,--,12-OTHER CITY STREETS,SHELBY
171,5616,3,2,0.0,0.393,0.393,0.00960528,ACORN DR.,790D682001,U / LOCAL,--,12-OTHER CITY STREETS,SHELBY
172,5617,3,2,0.0,0.213,0.213,0.00520591,VENUS AVE.,790D683001,U / LOCAL,--,12-OTHER CITY STREETS,SHELBY
173,5618,3,2,0.213,0.546,0.333,0.00813882,SATELLITE ST.,790D683001,U / LOCAL,--,12-OTHER CITY STREETS,SHELBY
174,5620,3,2,0.0,0.19,0.19,0.00464377,BRAGG LN.,790D684001,U / LOCAL,--,12-OTHER CITY STREETS,SHELBY
175,5621,3,2,0.0,0.318,0.318,0.00777221,CAMELIA LN.,790D685001,U / LOCAL,--,12-OTHER CITY STREETS,SHELBY
176,5623,3,2,0.0,0.408,0.408,0.00997189,MERCURY ST.,790D687001,U / LOCAL,--,12-OTHER CITY STREETS,SHELBY
177,5627,3,2,0.0,0.368,0.368,0.00899426,CONSTANCE AVE.,790D690001,U / LOCAL,--,12-OTHER CITY STREETS,SHELBY
178,5629,3,2,0.0,0.154,0.154,0.0037639,BLENHEIM AVE.,790D692001,U / LOCAL,--,12-OTHER CITY STREETS,SHELBY
179,5630,3,2,0.0,0.093,0.093,0.00227301,MERCURY CV.,790D693001,U / LOCAL,--,12-OTHER CITY STREETS,SHELBY
180,5631,3,2,0.0,0.596,0.596,0.01456678,JUNEWAY DR.,790D694001,U / LOCAL,--,12-OTHER CITY STREETS,SHELBY
181,5659,3,2,0.0,0.082,0.082,0.00200415,STAGE VILLAGE CV.,790D717001,U / LOCAL,--,12-OTHER CITY STREETS,SHELBY
182,5673,3,2,0.264,1.395,1.131,0.02764267,CHARLES BRYAN RD.,790D729001,U / LOCAL,--,12-OTHER CITY STREETS,SHELBY
183,6032,3,2,0.0,0.179,0.179,0.00437492,ARLINGTON AVE.,790E016001,U / LOCAL,--,12-OTHER CITY STREETS,SHELBY
184,6481,3,2,0.0,0.565,0.565,0.01380912,CUMBERLAND ST.,790E419001,U / LOCAL,--,12-OTHER CITY STREETS,SHELBY
185,6609,3,2,0.0,0.217,0.217,0.00530368,S. AVALON ST.,790E538001,U / LOCAL,--,12-OTHER CITY STREETS,SHELBY
186,7381,3,2,0.0,0.45,0.45,0.01099841,EVENINGVIEW DR.,790F238001,U / LOCAL,--,12-OTHER CITY STREETS,SHELBY
187,7419,3,2,0.0,0.155,0.155,0.00378834,MILL CREEK RD.,790F269001,U / LOCAL,--,12-OTHER CITY STREETS,SHELBY
188,7555,3,2,0.0,0.581,0.581,0.01420017,ELMORE RD.,790F384001,U / LOCAL,--,12-OTHER CITY STREETS,SHELBY
189,13049,3,2,0.0,0.105,0.105,0.0025663,COUNTRY PARK DR.,790L001001,U / LOCAL,--,12-OTHER CITY STREETS,SHELBY
190,13050,3,2,0.105,0.292,0.187,0.00457045,WHITTEN RD.,790L001001,U / LOCAL,--,12-OTHER CITY STREETS,SHELBY
191,13051,3,2,0.292,0.513,0.221,0.00540144,WHITTEN RD.,790L001001,U / LOCAL,--,12-OTHER CITY STREETS,SHELBY
192,13220,3,2,0.0,0.096,0.096,0.00234633,FLETCHER CREEK CV.,790L153001,U / LOCAL,--,12-OTHER CITY STREETS,SHELBY
193,13904,3,2,0.0,0.447,0.447,0.01092509,SUMMER OAKS DR.,790L722001,U / LOCAL,--,12-OTHER CITY STREETS,SHELBY
194,15055,3,2,0.0,0.173,0.173,0.00422828,SURREY PARK DR.,790M645001,U / LOCAL,--,12-OTHER CITY STREETS,SHELBY
195,15059,3,2,0.0,0.083,0.083,0.0020286,PRICE DR.,790M649001,U / LOCAL,--,12-OTHER CITY STREETS,SHELBY
196,15060,3,2,0.0,0.242,0.242,0.0059147,STAGE CENTER DR.,790M650001,U / LOCAL,--,12-OTHER CITY STREETS,SHELBY
197,16057,3,2,12.08,15.142,3.062,0.07483808,SUMMER AVE.,79SR001001,U OTH PRIN  ART,PRIMARY,"13-NHS URBAN, STATE SYS.",SHELBY
198,16058,3,2,15.142,16.78,1.638,0.04003422,US-HWY. 64 / 70 / 79,79SR001001,U OTH PRIN  ART,PRIMARY,"13-NHS URBAN, STATE SYS.",SHELBY
199,16163,3,2,5.07,5.125,0.055,0.00134425,US-HWY. 64,79SR015001,U OTH PRIN  ART,SECONDARY,"13-NHS URBAN, STATE SYS.",SHELBY
200,16257,3,2,0.0,4.286,4.286,0.10475376,COVINGTON PK.,79SR204001,U OTH PRIN  ART,SECONDARY,"13-NHS URBAN, STATE SYS.",SHELBY
201,263,4,3,6.74,8.55,1.81,0.03496368,YALE RD.,7902822001,U / MIN ART,--,"18-STP URBAN, NON-STATE SYS.",SHELBY
202,264,4,3,8.55,11.26,2.71,0.05234894,YALE RD.,7902822001,U / MIN ART,--,"18-STP URBAN, NON-STATE SYS.",SHELBY
203,464,4,3,7.22,8.38,1.16,0.02240766,BARTLETT BLVD.,7902875001,U / MIN ART,--,"18-STP URBAN, NON-STATE SYS.",SHELBY
204,465,4,3,8.38,8.391,0.011,0.00021249,BILLY MAHER RD.,7902875001,U / MIN ART,--,"18-STP URBAN, NON-STATE SYS.",SHELBY
205,466,4,3,8.391,9.19,0.799,0.01543425,BILLY MAHER RD.,7902875001,U / MIN ART,--,"18-STP URBAN, NON-STATE SYS.",SHELBY
206,550,4,3,0.0,0.437,0.437,0.00844151,OLD BROWNSVILLE RD.,7904188001,U / MIN ART,--,"18-STP URBAN, NON-STATE SYS.",SHELBY
207,551,4,3,0.437,1.52,1.083,0.02092026,OLD BROWNSVILLE RD.,7904188001,U / MIN ART,--,"18-STP URBAN, NON-STATE SYS.",SHELBY
208,571,4,3,0.0,1.2,1.2,0.02318034,MEMPHIS-ARLINGTON RD.,7904384001,U / MAJ COL,--,"18-STP URBAN, NON-STATE SYS.",SHELBY
209,588,4,3,0.0,2.48,2.48,0.04790604,ALTRURIA RD.,7904455001,U / MAJ COL,--,"18-STP URBAN, NON-STATE SYS.",SHELBY
210,590,4,3,1.02,1.96,0.94,0.01815794,ELMORE PARK RD.,7904456001,U / MAJ COL,--,"18-STP URBAN, NON-STATE SYS.",SHELBY
211,592,4,3,0.31,1.32,1.01,0.01951012,SYCAMORE VIEW RD.,7904458001,U / MAJ COL,--,"18-STP URBAN, NON-STATE SYS.",SHELBY
212,593,4,3,1.32,1.62,0.3,0.00579509,MEMPHIS-ARLINGTON RD.,7904458001,U / MAJ COL,--,"18-STP URBAN, NON-STATE SYS.",SHELBY
213,791,4,3,0.0,1.17,1.17,0.02260083,LYNCHBURG ST.,7905120001,U / MAJ COL,--,"18-STP URBAN, NON-STATE SYS.",SHELBY
214,793,4,3,0.0,0.69,0.69,0.0133287,WOODLAWN ST.,7905121001,U / MAJ COL,--,"18-STP URBAN, NON-STATE SYS.",SHELBY
215,794,4,3,0.0,0.69,0.69,0.0133287,BLACKWELL RD.,7905122001,U / MAJ COL,--,"18-STP URBAN, NON-STATE SYS.",SHELBY
216,800,4,3,0.011,0.12,0.109,0.00210555,ST. ELMO RD.,7905126001,U / MIN ART,--,"18-STP URBAN, NON-STATE SYS.",SHELBY
217,801,4,3,0.12,0.2,0.08,0.00154536,ST. ELMO RD.,7905126001,U / MIN ART,--,"18-STP URBAN, NON-STATE SYS.",SHELBY
218,802,4,3,0.2,0.31,0.11,0.00212486,ST. ELMO RD.,7905126001,U / MIN ART,--,"18-STP URBAN, NON-STATE SYS.",SHELBY
219,803,4,3,0.31,0.4,0.09,0.00173853,ST. ELMO RD.,7905126001,U / MIN ART,--,"18-STP URBAN, NON-STATE SYS.",SHELBY
220,804,4,3,0.4,0.64,0.24,0.00463607,ST. ELMO RD.,7905126001,U / MIN ART,--,"18-STP URBAN, NON-STATE SYS.",SHELBY
221,806,4,3,0.75,1.05,0.3,0.00579509,ST. ELMO RD.,7905126001,U / MIN ART,--,"18-STP URBAN, NON-STATE SYS.",SHELBY
222,807,4,3,1.05,1.17,0.12,0.00231803,ST. ELMO RD.,7905126001,U / MIN ART,--,"18-STP URBAN, NON-STATE SYS.",SHELBY
223,5330,4,3,0.0,0.289,0.289,0.0055826,CLEARWOOD RD.,790D450001,U / LOCAL,--,12-OTHER CITY STREETS,SHELBY
224,5334,4,3,0.0,0.553,0.553,0.01068227,STAGE COACH DR.,790D454001,U / LOCAL,--,12-OTHER CITY STREETS,SHELBY
225,5338,4,3,0.0,0.135,0.135,0.00260779,SPRINGLAND ST.,790D458001,U / LOCAL,--,12-OTHER CITY STREETS,SHELBY
226,5340,4,3,0.0,0.95,0.95,0.0183511,CANYON RD.,790D460001,U / LOCAL,--,12-OTHER CITY STREETS,SHELBY
227,5355,4,3,0.0,0.112,0.112,0.0021635,WYTHE RD.,790D471001,U / LOCAL,--,12-OTHER CITY STREETS,SHELBY
228,5360,4,3,0.0,0.373,0.373,0.00720522,VIRGIL RD.,790D473001,U / LOCAL,--,12-OTHER CITY STREETS,SHELBY
229,5361,4,3,0.373,0.767,0.394,0.00761088,RUSKIN RD.,790D473001,U / LOCAL,--,12-OTHER CITY STREETS,SHELBY
230,5362,4,3,0.0,0.423,0.423,0.00817107,CHAUCER LN.,790D474001,U / LOCAL,--,12-OTHER CITY STREETS,SHELBY
231,5364,4,3,0.0,0.168,0.168,0.00324525,KEATS RD.,790D475001,U / LOCAL,--,12-OTHER CITY STREETS,SHELBY
232,5372,4,3,0.0,0.082,0.082,0.00158399,WOODLAWN ST.,790D482001,U / LOCAL,--,12-OTHER CITY STREETS,SHELBY
233,5385,4,3,0.0,0.042,0.042,0.00081131,LONGACRE CV.,790D494001,U / LOCAL,--,12-OTHER CITY STREETS,SHELBY
234,5388,4,3,0.01,0.326,0.316,0.00610416,WYTHE ST.,790D497001,U / LOCAL,--,12-OTHER CITY STREETS,SHELBY
235,5462,4,3,0.0,0.483,0.483,0.00933009,STONEHILL DR.,790D556001,U / LOCAL,--,12-OTHER CITY STREETS,SHELBY
236,5463,4,3,0.0,0.282,0.282,0.00544738,SHALLOWHILL DR.,790D558001,U / LOCAL,--,12-OTHER CITY STREETS,SHELBY
237,5465,4,3,0.441,0.708,0.267,0.00515763,LIGHTHILL DR.,790D558001,U / LOCAL,--,12-OTHER CITY STREETS,SHELBY
238,5467,4,3,0.0,0.327,0.327,0.00631664,YORKHILL DR.,790D560001,U / LOCAL,--,12-OTHER CITY STREETS,SHELBY
239,5472,4,3,0.0,0.212,0.212,0.00409519,COLONYHILL DR.,790D563001,U / LOCAL,--,12-OTHER CITY STREETS,SHELBY
240,5473,4,3,0.212,0.351,0.139,0.00268506,ENGLESHILL DR.,790D563001,U / LOCAL,--,12-OTHER CITY STREETS,SHELBY
241,5474,4,3,0.0,0.071,0.071,0.0013715,COUNTRYHILL DR.,790D564001,U / LOCAL,--,12-OTHER CITY STREETS,SHELBY
242,5475,4,3,0.0,0.318,0.318,0.00614279,EVENING LIGHT DR.,790D567001,U / LOCAL,--,12-OTHER CITY STREETS,SHELBY
243,5477,4,3,0.0,0.605,0.605,0.01168676,SKYLIGHT DR.,790D569001,U / LOCAL,--,12-OTHER CITY STREETS,SHELBY
244,5479,4,3,0.313,0.466,0.153,0.00295549,STARWAY DR.,790D570001,U / LOCAL,--,12-OTHER CITY STREETS,SHELBY
245,5482,4,3,0.0,0.278,0.278,0.00537011,LEDGEWOOD LN.,790D573001,U / LOCAL,--,12-OTHER CITY STREETS,SHELBY
246,5483,4,3,0.0,0.372,0.372,0.00718591,VENSON DR.,790D574001,U / LOCAL,--,12-OTHER CITY STREETS,SHELBY
247,5485,4,3,0.0,0.061,0.061,0.00117833,CHAMPLE AVE.,790D576001,U / LOCAL,--,12-OTHER CITY STREETS,SHELBY
248,5488,4,3,0.451,0.751,0.3,0.00579509,JOSEE LN.,790D577001,U / LOCAL,--,12-OTHER CITY STREETS,SHELBY
249,5489,4,3,0.0,0.24,0.24,0.00463607,CHRISTY LN.,790D578001,U / LOCAL,--,12-OTHER CITY STREETS,SHELBY
250,5490,4,3,0.0,0.118,0.118,0.0022794,PAMELA ANN DR. N.,790D579001,U / LOCAL,--,12-OTHER CITY STREETS,SHELBY
251,5491,4,3,0.118,0.176,0.058,0.00112038,PAMELA ANN DR. E.,790D579001,U / LOCAL,--,12-OTHER CITY STREETS,SHELBY
252,5492,4,3,0.176,0.357,0.181,0.00349637,PAMELA ANN DR. S.,790D579001,U / LOCAL,--,12-OTHER CITY STREETS,SHELBY
253,5493,4,3,0.0,0.582,0.582,0.01124247,VENSON DR.,790D580001,U / LOCAL,--,12-OTHER CITY STREETS,SHELBY
254,5494,4,3,0.0,0.071,0.071,0.0013715,WILLIAMS CV.,790D581001,U / LOCAL,--,12-OTHER CITY STREETS,SHELBY
255,5495,4,3,0.0,0.26,0.26,0.00502241,AINSWORTH ST.,790D582001,U / LOCAL,--,12-OTHER CITY STREETS,SHELBY
256,5497,4,3,0.375,0.543,0.168,0.00324525,HALSTEAD ST.,790D582001,U / LOCAL,--,12-OTHER CITY STREETS,SHELBY
257,5501,4,3,0.0,0.239,0.239,0.00461675,BOBBITT DR.,790D585001,U / LOCAL,--,12-OTHER CITY STREETS,SHELBY
258,5503,4,3,0.0,0.021,0.021,0.00040566,BOBBITT CV.,790D586001,U / LOCAL,--,12-OTHER CITY STREETS,SHELBY
259,5504,4,3,0.0,0.657,0.657,0.01269124,MONTPELIER DR.,790D587001,U / LOCAL,--,12-OTHER CITY STREETS,SHELBY
260,5505,4,3,0.0,0.119,0.119,0.00229872,GALVIN CV.,790D588001,U / LOCAL,--,12-OTHER CITY STREETS,SHELBY
261,5506,4,3,0.0,0.894,0.894,0.01726936,COURT ST.,790D589001,U / LOCAL,--,12-OTHER CITY STREETS,SHELBY
262,5508,4,3,0.0,0.279,0.279,0.00538943,HULON ST.,790D591001,U / LOCAL,--,12-OTHER CITY STREETS,SHELBY
263,5509,4,3,0.0,0.018,0.018,0.00034771,--,790D592001,U / LOCAL,--,12-OTHER CITY STREETS,SHELBY
264,5510,4,3,0.0,0.304,0.304,0.00587235,TYLERTOWN AVE.,790D593001,U / LOCAL,--,12-OTHER CITY STREETS,SHELBY
265,5511,4,3,0.0,0.29,0.29,0.00560192,PINOLA AVE.,790D594001,U / LOCAL,--,12-OTHER CITY STREETS,SHELBY
266,5512,4,3,0.0,0.01,0.01,0.00019317,NORTH ST.,790D595001,U / LOCAL,--,12-OTHER CITY STREETS,SHELBY
267,5513,4,3,0.01,0.887,0.877,0.01694097,NORTH ST.,790D595001,U / LOCAL,--,12-OTHER CITY STREETS,SHELBY
268,5514,4,3,0.0,0.288,0.288,0.00556328,ACKERMAN AVE.,790D596001,U / LOCAL,--,12-OTHER CITY STREETS,SHELBY
269,5516,4,3,0.0,0.205,0.205,0.00395998,SHELBY ST.,790D598001,U / LOCAL,--,12-OTHER CITY STREETS,SHELBY
270,5519,4,3,0.0,0.2,0.2,0.00386339,BLACKWELL RD.,790D601001,U / LOCAL,--,12-OTHER CITY STREETS,SHELBY
271,5520,4,3,0.0,0.127,0.127,0.00245325,MARY NANCY CV.,790D602001,U / LOCAL,--,12-OTHER CITY STREETS,SHELBY
272,5521,4,3,0.0,0.293,0.293,0.00565987,TEABERRY LN.,790D603001,U / LOCAL,--,12-OTHER CITY STREETS,SHELBY
273,5522,4,3,0.0,0.207,0.207,0.00399861,ROSEBAY LN.,790D604001,U / LOCAL,--,12-OTHER CITY STREETS,SHELBY
274,5523,4,3,0.0,0.103,0.103,0.00198965,BLACKWELL CV.,790D605001,U / LOCAL,--,12-OTHER CITY STREETS,SHELBY
275,5525,4,3,0.0,0.174,0.174,0.00336115,BOYD LN.,790D607001,U / LOCAL,--,12-OTHER CITY STREETS,SHELBY
276,5526,4,3,0.0,0.129,0.129,0.00249189,MAIN ST.,790D608001,U / LOCAL,--,12-OTHER CITY STREETS,SHELBY
277,5527,4,3,0.0,0.187,0.187,0.00361227,SHELBY ST.,790D609001,U / LOCAL,--,12-OTHER CITY STREETS,SHELBY
278,5528,4,3,0.0,0.519,0.519,0.0100255,YATES ST.,790D610001,U / LOCAL,--,12-OTHER CITY STREETS,SHELBY
279,5532,4,3,0.0,0.073,0.073,0.00141014,CHESTER CV.,790D614001,U / LOCAL,--,12-OTHER CITY STREETS,SHELBY
280,5534,4,3,0.0,0.232,0.232,0.00448153,ACKERMAN CV.,790D616001,U / LOCAL,--,12-OTHER CITY STREETS,SHELBY
281,5628,4,3,0.0,0.198,0.198,0.00382476,DAROLYN ST.,790D691001,U / LOCAL,--,12-OTHER CITY STREETS,SHELBY
282,5633,4,3,0.232,0.664,0.432,0.00834492,SHADE TREE DR.,790D695001,U / LOCAL,--,12-OTHER CITY STREETS,SHELBY
283,5636,4,3,0.0,0.257,0.257,0.00496446,MARY ELIZABETH DR.,790D697001,U / LOCAL,--,12-OTHER CITY STREETS,SHELBY
284,5637,4,3,0.0,0.619,0.619,0.01195719,NORTHAMPTON DR.,790D698001,U / LOCAL,--,12-OTHER CITY STREETS,SHELBY
285,5640,4,3,0.0,0.107,0.107,0.00206691,SYLVA RENA DR.,790D701001,U / LOCAL,--,12-OTHER CITY STREETS,SHELBY
286,5642,4,3,0.0,0.229,0.229,0.00442358,BARRYCREST DR.,790D702001,U / LOCAL,--,12-OTHER CITY STREETS,SHELBY
287,5644,4,3,0.452,0.614,0.162,0.00312935,LAUREL CREEK DR.,790D703001,U / LOCAL,--,12-OTHER CITY STREETS,SHELBY
288,5649,4,3,0.0,0.234,0.234,0.00452017,DAROLYN RD.,790D708001,U / LOCAL,--,12-OTHER CITY STREETS,SHELBY
289,5650,4,3,0.0,0.234,0.234,0.00452017,N. STAR RD.,790D709001,U / LOCAL,--,12-OTHER CITY STREETS,SHELBY
290,5651,4,3,0.0,0.279,0.279,0.00538943,BARDSTOWN RD.,790D710001,U / LOCAL,--,12-OTHER CITY STREETS,SHELBY
291,5652,4,3,0.279,0.522,0.243,0.00469402,NEWMARKET DR.,790D710001,U / LOCAL,--,12-OTHER CITY STREETS,SHELBY
292,5653,4,3,0.0,0.244,0.244,0.00471334,BATTLEBORO DR.,790D711001,U / LOCAL,--,12-OTHER CITY STREETS,SHELBY
293,5663,4,3,0.0,0.348,0.348,0.0067223,BARWICK DR.,790D721001,U / LOCAL,--,12-OTHER CITY STREETS,SHELBY
294,5664,4,3,0.0,0.357,0.357,0.00689615,BRIERGATE DR.,790D722001,U / LOCAL,--,12-OTHER CITY STREETS,SHELBY
295,5669,4,3,0.0,0.107,0.107,0.00206691,COHAY AVE.,790D726001,U / LOCAL,--,12-OTHER CITY STREETS,SHELBY
296,6990,4,3,0.0,0.864,0.864,0.01668985,CHANNEL AVE.,790E908001,U / LOCAL,--,12-OTHER CITY STREETS,SHELBY
297,7535,4,3,0.0,0.137,0.137,0.00264642,STAGE PARK PL.,790F369001,U / LOCAL,--,12-OTHER CITY STREETS,SHELBY
298,7539,4,3,0.0,0.273,0.273,0.00527353,SUMMERHILL DR.,790F371001,U / LOCAL,--,12-OTHER CITY STREETS,SHELBY
299,7541,4,3,0.462,0.588,0.126,0.00243394,AUTUMN GLEN,790F371001,U / LOCAL,--,12-OTHER CITY STREETS,SHELBY
300,14932,4,3,0.0,0.052,0.052,0.00100448,PEYTON RANDOLPH CV.,790M542001,U / LOCAL,--,12-OTHER CITY STREETS,SHELBY
301,14935,4,3,0.0,0.387,0.387,0.00747566,KENBRIDGE DR.,790M545001,U / LOCAL,--,12-OTHER CITY STREETS,SHELBY
302,14936,4,3,0.0,0.119,0.119,0.00229872,SUGAR TREE LN.,790M546001,U / LOCAL,--,12-OTHER CITY STREETS,SHELBY
303,14967,4,3,0.0,0.254,0.254,0.00490651,RICHFIELD DR.,790M575001,U / LOCAL,--,12-OTHER CITY STREETS,SHELBY
304,14968,4,3,0.254,0.304,0.05,0.00096585,YALEWOOD DR.,790M575001,U / LOCAL,--,12-OTHER CITY STREETS,SHELBY
305,14969,4,3,0.0,0.378,0.378,0.00730181,EASTBRIER DR.,790M576001,U / LOCAL,--,12-OTHER CITY STREETS,SHELBY
306,14970,4,3,0.0,0.061,0.061,0.00117833,BRIERICH DR.,790M577001,U / LOCAL,--,12-OTHER CITY STREETS,SHELBY
307,14971,4,3,0.0,0.618,0.618,0.01193788,BAIRD LN.,790M578001,U / LOCAL,--,12-OTHER CITY STREETS,SHELBY
308,15010,4,3,0.0,0.211,0.211,0.00407588,BIRCH MILL RD.,790M609001,U / LOCAL,--,12-OTHER CITY STREETS,SHELBY
309,15066,4,3,0.0,0.182,0.182,0.00351569,THISTLE VALLEY LN.,790M655001,U / LOCAL,--,12-OTHER CITY STREETS,SHELBY
310,15069,4,3,0.0,0.372,0.372,0.00718591,THISTLE RIDGE LN.,790M658001,U / LOCAL,--,12-OTHER CITY STREETS,SHELBY
311,15073,4,3,0.0,0.26,0.26,0.00502241,THISTLE POINT CV.,790M662001,U / LOCAL,--,12-OTHER CITY STREETS,SHELBY
312,15074,4,3,0.0,0.2,0.2,0.00386339,EAGLE VALLEY CV.,790M663001,U / LOCAL,--,12-OTHER CITY STREETS,SHELBY
313,15078,4,3,0.0,0.033,0.033,0.00063746,LAUREN BETH CV.,790M666001,U / LOCAL,--,12-OTHER CITY STREETS,SHELBY
314,15081,4,3,0.0,0.049,0.049,0.00094653,CARRIE BROOK CV.,790M668001,U / LOCAL,--,12-OTHER CITY STREETS,SHELBY
315,15082,4,3,0.0,0.074,0.074,0.00142945,STACY DIANE CV.,790M670001,U / LOCAL,--,12-OTHER CITY STREETS,SHELBY
316,15084,4,3,0.114,0.394,0.28,0.00540875,TONYA MARIE LN.,790M671001,U / LOCAL,--,12-OTHER CITY STREETS,SHELBY
317,15100,4,3,0.0,0.212,0.212,0.00409519,GILA DR.,790M685001,U / LOCAL,--,12-OTHER CITY STREETS,SHELBY
318,15103,4,3,0.0,0.276,0.276,0.00533148,THISTLE VALLEY LN.,790M688001,U / LOCAL,--,12-OTHER CITY STREETS,SHELBY
319,15105,4,3,0.0,0.227,0.227,0.00438495,BELMONT DR.,790M689001,U / LOCAL,--,12-OTHER CITY STREETS,SHELBY
320,15112,4,3,0.0,0.121,0.121,0.00233735,KEVIN DR.,790M691001,U / LOCAL,--,12-OTHER CITY STREETS,SHELBY
321,15113,4,3,0.121,0.269,0.148,0.00285891,FLINTLOCK DR.,790M691001,U / LOCAL,--,12-OTHER CITY STREETS,SHELBY
322,15114,4,3,0.269,0.375,0.106,0.0020476,BARTLY RIDGE DR.,790M691001,U / LOCAL,--,12-OTHER CITY STREETS,SHELBY
323,15116,4,3,0.0,0.035,0.035,0.00067609,MEGGIE LN.,790M692001,U / LOCAL,--,12-OTHER CITY STREETS,SHELBY
324,15119,4,3,0.0,0.125,0.125,0.00241462,DABLER PL.,790M695001,U / LOCAL,--,12-OTHER CITY STREETS,SHELBY
325,15120,4,3,0.0,0.049,0.049,0.00094653,BARTLETT PL.,790M697001,U / LOCAL,--,12-OTHER CITY STREETS,SHELBY
326,15121,4,3,0.0,0.098,0.098,0.00189306,BARTLETT CENTER DR.,790M698001,U / LOCAL,--,12-OTHER CITY STREETS,SHELBY
327,15122,4,3,0.0,0.299,0.299,0.00577577,OLE BARTLETT CT.,790M699001,U / LOCAL,--,12-OTHER CITY STREETS,SHELBY
328,15822,4,3,0.0,0.081,0.081,0.00156467,OLD BROWNSVILLE RD.,790N404001,U / LOCAL,--,12-OTHER CITY STREETS,SHELBY
329,15826,4,3,0.0,0.121,0.121,0.00233735,N. COPPER RIDGE CV.,790N407001,U / LOCAL,--,12-OTHER CITY STREETS,SHELBY
330,15828,4,3,0.0,0.2,0.2,0.00386339,GUILLORY ST.,790N409001,U / LOCAL,--,12-OTHER CITY STREETS,SHELBY
331,15829,4,3,0.0,0.02,0.02,0.00038634,PEBBLE HILL DR.,790N410001,U / LOCAL,--,11-OTHER COUNTY ROADS,SHELBY
332,15830,4,3,0.02,0.279,0.259,0.00500309,PEBBLE HILL DR.,790N410001,U / LOCAL,--,12-OTHER CITY STREETS,SHELBY
333,15833,4,3,0.129,0.643,0.514,0.00992891,GAILYN DR.,790N412001,U / LOCAL,--,12-OTHER CITY STREETS,SHELBY
334,15834,4,3,0.0,0.723,0.723,0.01396616,OAK FOREST DR.,790N413001,U / LOCAL,--,12-OTHER CITY STREETS,SHELBY
335,15837,4,3,0.0,0.171,0.171,0.0033032,BROOK TRAIL CV.,790N416001,U / LOCAL,--,12-OTHER CITY STREETS,SHELBY
336,15841,4,3,0.048,0.282,0.234,0.00452017,REGENCY OAKS DR.,790N419001,U / LOCAL,--,12-OTHER CITY STREETS,SHELBY
337,15845,4,3,0.0,0.086,0.086,0.00166126,OAK BRANCH CV.,790N421001,U / LOCAL,--,12-OTHER CITY STREETS,SHELBY
338,15846,4,3,0.0,0.04,0.04,0.00077268,GAILY LN.,790N422001,U / LOCAL,--,12-OTHER CITY STREETS,SHELBY
339,15852,4,3,0.0,0.155,0.155,0.00299413,WESTRIDGE DR.,790N427001,U / LOCAL,--,12-OTHER CITY STREETS,SHELBY
340,15879,4,3,0.0,0.082,0.082,0.00158399,AUTUMN GLEN,790N446001,U / LOCAL,--,12-OTHER CITY STREETS,SHELBY
341,15894,4,3,0.0,0.04,0.04,0.00077268,COUNTRYHILL DR.,790N460001,U / LOCAL,--,12-OTHER CITY STREETS,SHELBY
342,16160,4,3,0.121,1.64,1.519,0.02934245,STAGE RD.,79SR015001,U / MIN ART,SECONDARY,"21-STP URBAN, STATE SYS.",SHELBY
343,16161,4,3,1.64,2.532,0.892,0.01723072,STAGE RD.,79SR015001,U OTH PRIN  ART,SECONDARY,"13-NHS URBAN, STATE SYS.",SHELBY
344,16162,4,3,2.532,5.07,2.538,0.04902643,STAGE RD.,79SR015001,U OTH PRIN  ART,SECONDARY,"13-NHS URBAN, STATE SYS.",SHELBY
345,143,5,4,0.0,0.6,0.6,0.01519487,OLD BROWNSVILLE RD.,7902178001,U / MIN ART,--,"18-STP URBAN, NON-STATE SYS.",SHELBY
346,144,5,4,0.6,3.57,2.97,0.07521463,OLD BROWNSVILLE RD.,7902178001,U / MIN ART,--,"18-STP URBAN, NON-STATE SYS.",SHELBY
347,470,5,4,9.832,12.06,2.228,0.05642363,EGYPT-CENTRAL RD.,7902875001,U / MAJ COL,--,"18-STP URBAN, NON-STATE SYS.",SHELBY
348,471,5,4,12.06,12.26,0.2,0.00506496,OAK RD.,7902875001,U / MAJ COL,--,"18-STP URBAN, NON-STATE SYS.",SHELBY
349,798,5,4,0.0,1.16,1.16,0.02937676,BILLY MAHER RD.,7905125001,U / MIN ART,--,"18-STP URBAN, NON-STATE SYS.",SHELBY
350,808,5,4,0.0,0.82,0.82,0.02076633,ALTURIA RD.,7905127001,U / MAJ COL,--,"18-STP URBAN, NON-STATE SYS.",SHELBY
351,809,5,4,0.82,0.93,0.11,0.00278573,ALTURIA RD.,7905127001,U / MAJ COL,--,"18-STP URBAN, NON-STATE SYS.",SHELBY
352,821,5,4,7.78,7.97,0.19,0.00481171,KIRBY-WHITTEN PKWY.,7905131001,U / MIN ART,--,"18-STP URBAN, NON-STATE SYS.",SHELBY
353,822,5,4,7.97,8.98,1.01,0.02557804,KIRBY-WHITTEN PKWY.,7905131001,U / MIN ART,--,"18-STP URBAN, NON-STATE SYS.",SHELBY
354,1074,5,4,0.249,1.08,0.831,0.0210449,ELLENDALE RD.,7905425001,U / MAJ COL,--,"18-STP URBAN, NON-STATE SYS.",SHELBY
355,1117,5,4,2.95,3.969,1.019,0.02580596,BOLEN HUSE RD.,7905445001,U / MIN ART,--,"18-STP URBAN, NON-STATE SYS.",SHELBY
356,1610,5,4,5.057,5.684,0.627,0.01587864,RIVERBLUFF RD.,790A342001,R / LOCAL,--,19-STATE PARK OR RES.,SHELBY
357,5750,5,4,0.0,0.265,0.265,0.00671107,PECANHILL DR.,790D796001,U / LOCAL,--,12-OTHER CITY STREETS,SHELBY
358,5751,5,4,0.0,0.038,0.038,0.00096234,CANNA HILL DR.,790D797001,U / LOCAL,--,12-OTHER CITY STREETS,SHELBY
359,5755,5,4,0.0,0.179,0.179,0.00453314,ABELIA HILL DR.,790D800001,U / LOCAL,--,12-OTHER CITY STREETS,SHELBY
360,5756,5,4,0.179,0.713,0.534,0.01352344,AUTUMNHILL LN.,790D800001,U / LOCAL,--,12-OTHER CITY STREETS,SHELBY
361,5766,5,4,0.0,0.242,0.242,0.0061286,CENTRALIA RD.,790D810001,U / LOCAL,--,12-OTHER CITY STREETS,SHELBY
362,5767,5,4,0.0,0.164,0.164,0.00415327,ASH HILL LN.,790D811001,U / LOCAL,--,12-OTHER CITY STREETS,SHELBY
363,5768,5,4,0.0,0.163,0.163,0.00412794,ELMHILL DR.,790D812001,U / LOCAL,--,12-OTHER CITY STREETS,SHELBY
364,5775,5,4,0.0,0.705,0.705,0.01785398,DAWNHILL RD.,790D816001,U / LOCAL,--,12-OTHER CITY STREETS,SHELBY
365,5779,5,4,0.172,0.327,0.155,0.00392534,N. FOXHILL DR.,790D819001,U / LOCAL,--,12-OTHER CITY STREETS,SHELBY
366,5781,5,4,0.0,0.298,0.298,0.00754679,FONTA RD.,790D821001,U / LOCAL,--,12-OTHER CITY STREETS,SHELBY
367,5783,5,4,0.0,0.242,0.242,0.0061286,SCEPTER DR.,790D823001,U / LOCAL,--,12-OTHER CITY STREETS,SHELBY
368,5809,5,4,0.0,0.669,0.669,0.01694228,OAK RD.,790D844001,U / LOCAL,--,12-OTHER CITY STREETS,SHELBY
369,5810,5,4,0.669,1.044,0.375,0.0094968,SHADOWLAWN RD.,790D844001,U / LOCAL,--,12-OTHER CITY STREETS,SHELBY
370,5815,5,4,0.0,0.498,0.498,0.01261175,FERNCREST DR.,790D847001,U / LOCAL,--,12-OTHER CITY STREETS,SHELBY
371,5817,5,4,0.0,0.184,0.184,0.00465976,COVINGTON PK.,790D848001,U / LOCAL,--,11-OTHER COUNTY ROADS,SHELBY
372,5820,5,4,0.0,0.691,0.691,0.01749943,ROCKYFORD RD.,790D850001,U / LOCAL,--,12-OTHER CITY STREETS,SHELBY
373,12535,5,4,0.0,0.829,0.829,0.02099425,FISKE RD.,790K581001,U / LOCAL,--,12-OTHER CITY STREETS,SHELBY
374,12536,5,4,0.829,1.193,0.364,0.00921822,ELLENDALE RD.,790K581001,U / LOCAL,--,12-OTHER CITY STREETS,SHELBY
375,14995,5,4,0.0,0.419,0.419,0.01061109,DAWNHILL RD.,790M597001,U / LOCAL,--,12-OTHER CITY STREETS,SHELBY
376,14996,5,4,0.0,0.143,0.143,0.00362145,BRICKMONT RD.,790M598001,U / LOCAL,--,12-OTHER CITY STREETS,SHELBY
377,14997,5,4,0.143,0.459,0.316,0.00800263,MEADOW FIELD LN.,790M598001,U / LOCAL,--,12-OTHER CITY STREETS,SHELBY
378,14998,5,4,0.0,0.31,0.31,0.00785069,LAUREL VALLEY DR.,790M599001,U / LOCAL,--,12-OTHER CITY STREETS,SHELBY
379,15016,5,4,0.0,0.204,0.204,0.00516626,W. GROVE DR.,790M615001,U / LOCAL,--,12-OTHER CITY STREETS,SHELBY
380,15020,5,4,0.0,0.155,0.155,0.00392534,HIDDEN FERN LN. E.,790M619001,U / LOCAL,--,12-OTHER CITY STREETS,SHELBY
381,15021,5,4,0.155,0.496,0.341,0.00863575,HIDDEN FERN LN.,790M619001,U / LOCAL,--,12-OTHER CITY STREETS,SHELBY
382,15023,5,4,0.0,0.208,0.208,0.00526756,CANNA HILL DR.,790M621001,U / LOCAL,--,12-OTHER CITY STREETS,SHELBY
383,15024,5,4,0.208,0.294,0.086,0.00217793,CANNA HILL CT.,790M621001,U / LOCAL,--,12-OTHER CITY STREETS,SHELBY
384,15075,5,4,0.0,1.13,1.13,0.02861701,DAYBREAK DR.,790M664001,U / LOCAL,--,12-OTHER CITY STREETS,SHELBY
385,15076,5,4,1.13,1.144,0.014,0.00035455,DAYBREAK DR.,790M664001,U / LOCAL,--,11-OTHER COUNTY ROADS,SHELBY
386,15086,5,4,0.0,0.585,0.585,0.014815,BLACKHEATH DR.,790M673001,U / LOCAL,--,12-OTHER CITY STREETS,SHELBY
387,15316,5,4,0.0,0.143,0.143,0.00362145,ELLENDALE RD.,790M857001,U / LOCAL,--,12-OTHER CITY STREETS,SHELBY
388,15317,5,4,0.0,0.083,0.083,0.00210196,CHURCHILL DOWNS DR.,790M858001,U / LOCAL,--,12-OTHER CITY STREETS,SHELBY
389,15330,5,4,0.0,0.084,0.084,0.00212728,WIND HILL DR.,790M868001,U / LOCAL,--,12-OTHER CITY STREETS,SHELBY
390,15403,5,4,0.0,1.132,1.132,0.02866766,RANER CREEK DR.,790N064001,U / LOCAL,--,12-OTHER CITY STREETS,SHELBY
391,15635,5,4,0.009,0.328,0.319,0.00807861,MAHER TR.,790N244001,U / LOCAL,--,12-OTHER CITY STREETS,SHELBY
392,15645,5,4,0.0,0.757,0.757,0.01917087,QUAIL RIDGE DR.,790N250001,U / LOCAL,--,12-OTHER CITY STREETS,SHELBY
393,15646,5,4,0.0,0.145,0.145,0.00367209,GREEN VIEW DR.,790N251001,U / LOCAL,--,12-OTHER CITY STREETS,SHELBY
394,15648,5,4,0.0,0.445,0.445,0.01126953,FAIRWAY VIEW CIR. E.,790N252001,U / LOCAL,--,12-OTHER CITY STREETS,SHELBY
395,15650,5,4,0.029,0.131,0.102,0.00258313,PERSIMMON VIEW DR.,790N253001,U / LOCAL,--,12-OTHER CITY STREETS,SHELBY
396,15661,5,4,0.0,0.416,0.416,0.01053511,GUINEVERE LN.,790N262001,U / LOCAL,--,12-OTHER CITY STREETS,SHELBY
397,15666,5,4,0.229,1.06,0.831,0.0210449,CAROLOT LN.,790N265001,U / LOCAL,--,12-OTHER CITY STREETS,SHELBY
398,15674,5,4,0.0,0.311,0.311,0.00787601,NARCISSUS DR.,790N272001,U / LOCAL,--,12-OTHER CITY STREETS,SHELBY
399,15675,5,4,0.311,0.771,0.46,0.0116494,MOLSONWOOD DR.,790N272001,U / LOCAL,--,12-OTHER CITY STREETS,SHELBY
400,15678,5,4,0.0,0.463,0.463,0.01172538,BRISTOL GLEN DR.,790N274001,U / LOCAL,--,12-OTHER CITY STREETS,SHELBY
401,15686,5,4,0.0,0.092,0.092,0.00232988,GRACIOUS WAY CV.,790N281001,U / LOCAL,--,12-OTHER CITY STREETS,SHELBY
402,15690,5,4,0.0,0.236,0.236,0.00597665,BAUDETTE LN.,790N284001,U / LOCAL,--,12-OTHER CITY STREETS,SHELBY
403,15692,5,4,0.0,0.197,0.197,0.00498898,STATLEY WAY,790N285001,U / LOCAL,--,12-OTHER CITY STREETS,SHELBY
404,15703,5,4,0.0,0.26,0.26,0.00658445,WELLSGATE PT.,790N290001,U / LOCAL,--,12-OTHER CITY STREETS,SHELBY
405,15706,5,4,0.0,0.069,0.069,0.00174741,WELLS FARMS CV.,790N293001,U / LOCAL,--,12-OTHER CITY STREETS,SHELBY
406,15708,5,4,0.053,0.139,0.086,0.00217793,WELLS GROVE DR.,790N294001,U / LOCAL,--,12-OTHER CITY STREETS,SHELBY
407,15709,5,4,0.0,0.113,0.113,0.0028617,SUGAR CREST LN.,790N295001,U / LOCAL,--,12-OTHER CITY STREETS,SHELBY
408,15711,5,4,0.267,0.278,0.011,0.00027857,LAND WOODS DR.,790N295001,U / LOCAL,--,11-OTHER COUNTY ROADS,SHELBY
409,15713,5,4,0.0,0.296,0.296,0.00749614,DYLAN VALLEY DR.,790N297001,U / LOCAL,--,12-OTHER CITY STREETS,SHELBY
410,15721,5,4,0.0,0.842,0.842,0.02132347,GUFFIN RD.,790N303001,U / LOCAL,--,12-OTHER CITY STREETS,SHELBY
411,15724,5,4,0.0,0.169,0.169,0.00427989,BUFFALO SPRINGS LN.,790N306001,U / LOCAL,--,12-OTHER CITY STREETS,SHELBY
412,15725,5,4,0.0,0.741,0.741,0.01876567,SHELTER RUN LN.,790N307001,U / LOCAL,--,12-OTHER CITY STREETS,SHELBY
413,15726,5,4,0.741,1.104,0.363,0.0091929,ABIGAIL BLUFFS DR.,790N307001,U / LOCAL,--,12-OTHER CITY STREETS,SHELBY
414,15729,5,4,0.0,0.241,0.241,0.00610327,PINEY BLUFF DR.,790N309001,U / LOCAL,--,12-OTHER CITY STREETS,SHELBY
415,15731,5,4,0.288,0.532,0.244,0.00617925,CHRISTINA WOOD DR.,790N310001,U / LOCAL,--,12-OTHER CITY STREETS,SHELBY
416,15732,5,4,0.0,0.68,0.68,0.01722086,MISTY RIVER RD.,790N311001,U / LOCAL,--,12-OTHER CITY STREETS,SHELBY
417,15733,5,4,0.68,1.24,0.56,0.01418188,BENDING RIVER RD.,790N311001,U / LOCAL,--,12-OTHER CITY STREETS,SHELBY
418,15735,5,4,0.0,0.222,0.222,0.0056221,TRAIL CREEK LN.,790N312001,U / LOCAL,--,12-OTHER CITY STREETS,SHELBY
419,15738,5,4,0.068,0.572,0.504,0.01276369,FOREST OASIS LN.,790N314001,U / LOCAL,--,12-OTHER CITY STREETS,SHELBY
420,15745,5,4,0.0,0.709,0.709,0.01795528,RIVERCREST LN.,790N322001,U / LOCAL,--,12-OTHER CITY STREETS,SHELBY
421,15746,5,4,0.0,0.111,0.111,0.00281105,NEW BROWNSVILLE RD.,790N323001,U / LOCAL,--,12-OTHER CITY STREETS,SHELBY
422,15747,5,4,0.0,0.434,0.434,0.01099096,BEAGLE RUN LN.,790N324001,U / LOCAL,--,12-OTHER CITY STREETS,SHELBY
423,15751,5,4,0.0,0.082,0.082,0.00207663,WINDROW PT.,790N327001,U / LOCAL,--,12-OTHER CITY STREETS,SHELBY
424,15753,5,4,0.0,0.15,0.15,0.00379872,BEAGLE LN. E.,790N328001,U / LOCAL,--,12-OTHER CITY STREETS,SHELBY
425,15755,5,4,0.0,0.574,0.574,0.01453643,SPRINGTREE DR.,790N329001,U / LOCAL,--,12-OTHER CITY STREETS,SHELBY
426,15757,5,4,0.0,0.412,0.412,0.01043381,JEFFREY KEITH DR.,790N331001,U / LOCAL,--,12-OTHER CITY STREETS,SHELBY
427,15763,5,4,0.0,0.074,0.074,0.00187403,HOLSTEN CREEK CV.,790N334001,U / LOCAL,--,12-OTHER CITY STREETS,SHELBY
428,15766,5,4,0.0,0.099,0.099,0.00250715,FLUSS CV. N.,790N336001,U / LOCAL,--,12-OTHER CITY STREETS,SHELBY
429,15790,5,4,0.0,0.293,0.293,0.00742016,KINGS FOREST DR.,790N351001,U / LOCAL,--,12-OTHER CITY STREETS,SHELBY
430,15793,5,4,0.0,0.11,0.11,0.00278573,ELLENDALE RD.,790N354001,U / LOCAL,--,12-OTHER CITY STREETS,SHELBY
431,15799,5,4,0.0,0.243,0.243,0.00615392,FANNIE LN.,790N359001,U / LOCAL,--,12-OTHER CITY STREETS,SHELBY
432,15807,5,4,0.0,0.352,0.352,0.00891433,RABBIT CHASE LN.,790N367001,U / LOCAL,--,12-OTHER CITY STREETS,SHELBY
433,15814,5,4,0.0,0.079,0.079,0.00200066,HARE HILL DR.,790N374001,U / LOCAL,--,12-OTHER CITY STREETS,SHELBY
434,15855,5,4,0.0,0.259,0.259,0.00655912,PETERSON RIDGE LN.,790N429001,U / LOCAL,--,11-OTHER COUNTY ROADS,SHELBY
435,16149,5,4,23.973,25.591,1.618,0.04097551,AUSTIN PEAY HWY.,79SR014001,U OTH PRIN  ART,PRIMARY,"13-NHS URBAN, STATE SYS.",SHELBY
436,107,6,5,3.48,4.868,1.388,0.05353286,BRUNSWICK RD.,7901459001,U / MAJ COL,--,"18-STP URBAN, NON-STATE SYS.",SHELBY
437,108,6,5,4.868,5.15,0.282,0.01087627,BRUNSWICK RD.,7901459001,U / MAJ COL,--,"18-STP URBAN, NON-STATE SYS.",SHELBY
438,145,6,5,3.57,5.17,1.6,0.06170935,OLD BROWNSVILLE RD.,7902178001,U / MIN ART,--,"18-STP URBAN, NON-STATE SYS.",SHELBY
439,146,6,5,5.17,5.197,0.027,0.00104135,OLD BROWNSVILLE RD.,7902178001,U / MAJ COL,--,"18-STP URBAN, NON-STATE SYS.",SHELBY
440,147,6,5,5.197,6.11,0.913,0.0352129,OLD BROWNSVILLE RD.,7902178001,U / MAJ COL,--,"18-STP URBAN, NON-STATE SYS.",SHELBY
441,148,6,5,6.11,6.326,0.216,0.00833076,OLD BROWNSVILLE RD.,7902178001,U / MAJ COL,--,"18-STP URBAN, NON-STATE SYS.",SHELBY
442,152,6,5,6.84,7.406,0.566,0.02182968,CANADA RD.,7902178001,U / MAJ COL,--,"18-STP URBAN, NON-STATE SYS.",SHELBY
443,154,6,5,0.0,1.95,1.95,0.07520827,GERMANTOWN RD.,7902231001,U / MIN ART,--,"18-STP URBAN, NON-STATE SYS.",SHELBY
444,811,6,5,0.0,0.85,0.85,0.03278309,BROADWAY RD.,7905129001,U / MAJ COL,--,"18-STP URBAN, NON-STATE SYS.",SHELBY
445,812,6,5,0.85,1.21,0.36,0.0138846,SHADOWLAND RD. S.,7905129001,U / MAJ COL,--,"18-STP URBAN, NON-STATE SYS.",SHELBY
446,813,6,5,1.21,2.14,0.93,0.03586856,SHADOWLAWN RD. E.,7905129001,U / MAJ COL,--,"18-STP URBAN, NON-STATE SYS.",SHELBY
447,1145,6,5,1.19,1.38,0.19,0.00732799,APPLING RD.,7905483001,U / MAJ COL,--,"18-STP URBAN, NON-STATE SYS.",SHELBY
448,5802,6,5,0.0,0.151,0.151,0.00582382,BROADWAY RD.,790D837001,U / LOCAL,--,12-OTHER CITY STREETS,SHELBY
449,5804,6,5,0.0,1.47,1.47,0.05669546,WESTBROOK RD.,790D839001,U / LOCAL,--,12-OTHER CITY STREETS,SHELBY
450,5821,6,5,0.0,0.431,0.431,0.01662296,GUY RD.,790D851001,U / LOCAL,--,12-OTHER CITY STREETS,SHELBY
451,5823,6,5,0.009,0.467,0.458,0.0176643,HATCH LN.,790D852001,U / LOCAL,--,11-OTHER COUNTY ROADS,SHELBY
452,5826,6,5,0.0,0.009,0.009,0.00034712,EAGLES NEST.,790D855001,U / LOCAL,--,12-OTHER CITY STREETS,SHELBY
453,5827,6,5,0.009,0.379,0.37,0.01427029,EAGLES NEST.,790D855001,U / LOCAL,--,11-OTHER COUNTY ROADS,SHELBY
454,5828,6,5,0.0,0.206,0.206,0.00794508,HIDEAWAY LN.,790D856001,U / LOCAL,--,11-OTHER COUNTY ROADS,SHELBY
455,5829,6,5,0.0,0.131,0.131,0.00505245,CLAYPOOL RD.,790D857001,U / LOCAL,--,12-OTHER CITY STREETS,SHELBY
456,5838,6,5,0.075,1.133,1.058,0.04080531,CRAVEN RD.,790D864001,U / LOCAL,--,11-OTHER COUNTY ROADS,SHELBY
457,5840,6,5,0.0,0.114,0.114,0.00439679,LOOMIS RD.,790D866001,U / LOCAL,--,11-OTHER COUNTY ROADS,SHELBY
458,5841,6,5,0.0,0.412,0.412,0.01589016,INDEPENDENT RD.,790D867001,U / LOCAL,--,11-OTHER COUNTY ROADS,SHELBY
459,12893,6,5,0.0,0.364,0.364,0.01403888,BAYLOR RD.,790K860001,U / LOCAL,--,11-OTHER COUNTY ROADS,SHELBY
460,15129,6,5,0.0,0.765,0.765,0.02950478,BRUNSWICK FARMS DR.,790M706001,U / LOCAL,--,11-OTHER COUNTY ROADS,SHELBY
461,15137,6,5,0.0,0.247,0.247,0.00952638,PEPPERCORN DR.,790M711001,U / LOCAL,--,11-OTHER COUNTY ROADS,SHELBY
462,15141,6,5,0.0,0.328,0.328,0.01265042,VALLEY CREEK DR.,790M714001,U / LOCAL,--,11-OTHER COUNTY ROADS,SHELBY
463,15143,6,5,0.619,0.8,0.181,0.00698087,VALLEY MILL LN.,790M714001,U / LOCAL,--,11-OTHER COUNTY ROADS,SHELBY
464,15151,6,5,0.0,0.272,0.272,0.01049059,THORNE DR.,790M721001,U / LOCAL,--,12-OTHER CITY STREETS,SHELBY
465,15154,6,5,0.604,1.081,0.477,0.0183971,HUNTERS MEADOW LN.,790M721001,U / LOCAL,--,12-OTHER CITY STREETS,SHELBY
466,15158,6,5,0.0,0.477,0.477,0.0183971,REBECCA WOODS DR.,790M725001,U / LOCAL,--,12-OTHER CITY STREETS,SHELBY
467,15166,6,5,0.0,0.212,0.212,0.00817649,BRIDGESTONE CIR.,790M732001,U / LOCAL,--,12-OTHER CITY STREETS,SHELBY
468,15175,6,5,0.0,0.954,0.954,0.0367942,HIGH PLAINS RD.,790M739001,U / LOCAL,--,12-OTHER CITY STREETS,SHELBY
469,15188,6,5,0.0,0.31,0.31,0.01195619,DELANEY VALLEY LN.,790M749001,U / LOCAL,--,12-OTHER CITY STREETS,SHELBY
470,15192,6,5,0.0,0.657,0.657,0.0253394,BLUE LAGOON DR.,790M752001,U / LOCAL,--,12-OTHER CITY STREETS,SHELBY
471,15194,6,5,0.0,0.328,0.328,0.01265042,WOLFCHASE FARMS PKWY.,790M754001,U / LOCAL,--,12-OTHER CITY STREETS,SHELBY
472,15199,6,5,0.0,0.464,0.464,0.01789571,GERMANTOWN RD.,790M759001,U / LOCAL,--,12-OTHER CITY STREETS,SHELBY
473,15200,6,5,0.0,0.441,0.441,0.01700864,CALE FALLS LN.,790M760001,U / LOCAL,--,12-OTHER CITY STREETS,SHELBY
474,15201,6,5,0.441,0.483,0.042,0.00161987,BRIARWIND CV.,790M760001,U / LOCAL,--,12-OTHER CITY STREETS,SHELBY
475,15204,6,5,0.0,0.141,0.141,0.00543814,SAWYER HOLLOW DR.,790M763001,U / LOCAL,--,12-OTHER CITY STREETS,SHELBY
476,15219,6,5,0.0,0.184,0.184,0.00709658,BRISTOL WOODS ST.,790M773001,U / LOCAL,--,12-OTHER CITY STREETS,SHELBY
477,15244,6,5,0.264,0.379,0.115,0.00443536,OLIVER CREEK CV.,790M797001,U / LOCAL,--,11-OTHER COUNTY ROADS,SHELBY
478,15269,6,5,0.0,0.392,0.392,0.01511879,GREYSTONE OAKS AVE.,790M820001,U / LOCAL,--,12-OTHER CITY STREETS,SHELBY
479,15279,6,5,0.0,0.548,0.548,0.02113545,SHADOW HILLS RD.,790M827001,U / LOCAL,--,12-OTHER CITY STREETS,SHELBY
480,15280,6,5,0.0,0.059,0.059,0.00227553,SHADOW KNOLL DR.,790M828001,U / LOCAL,--,12-OTHER CITY STREETS,SHELBY
481,15282,6,5,0.0,0.329,0.329,0.01268898,SHADOW WICK LN.,790M829001,U / LOCAL,--,12-OTHER CITY STREETS,SHELBY
482,15283,6,5,0.0,0.366,0.366,0.01411601,SHADOW FIELD LN.,790M830001,U / LOCAL,--,12-OTHER CITY STREETS,SHELBY
483,15284,6,5,0.0,0.063,0.063,0.00242981,SHADOW BIRCH LN.,790M831001,U / LOCAL,--,12-OTHER CITY STREETS,SHELBY
484,15288,6,5,0.0,0.294,0.294,0.01133909,SHADOW GLEN LN.,790M835001,U / LOCAL,--,12-OTHER CITY STREETS,SHELBY
485,15297,6,5,0.0,0.38,0.38,0.01465597,ROMERO DR.,790M842001,U / LOCAL,--,12-OTHER CITY STREETS,SHELBY
486,15298,6,5,0.0,0.11,0.11,0.00424252,ELPINE GRAY CT.,790M843001,U / LOCAL,--,12-OTHER CITY STREETS,SHELBY
487,15301,6,5,0.0,0.269,0.269,0.01037488,ELPINE GRAY DR.,790M846001,U / LOCAL,--,12-OTHER CITY STREETS,SHELBY
488,15302,6,5,0.0,0.39,0.39,0.01504165,SHADOW RUN LN.,790M847001,U / LOCAL,--,12-OTHER CITY STREETS,SHELBY
489,15305,6,5,0.0,0.711,0.711,0.02742209,SHIRA DR.,790M848001,U / LOCAL,--,12-OTHER CITY STREETS,SHELBY
490,15313,6,5,0.0,0.414,0.414,0.01596729,AVI DR.,790M854001,U / LOCAL,--,12-OTHER CITY STREETS,SHELBY
491,15336,6,5,0.0,0.037,0.037,0.00142703,SWEETHORN CV.,790M874001,U / LOCAL,--,11-OTHER COUNTY ROADS,SHELBY
492,15404,6,5,0.0,0.525,0.525,0.02024838,DOE HOLLOW DR.,790N065001,U / LOCAL,--,11-OTHER COUNTY ROADS,SHELBY
493,104,7,6,0.156,0.523,0.367,0.01270776,BRUNSWICK RD.,7901459001,U / MAJ COL,--,"18-STP URBAN, NON-STATE SYS.",SHELBY
494,105,7,6,0.523,1.985,1.462,0.05062327,BRUNSWICK RD.,7901459001,U / MAJ COL,--,"18-STP URBAN, NON-STATE SYS.",SHELBY
495,106,7,6,1.985,3.48,1.495,0.05176593,BRUNSWICK RD.,7901459001,U / MAJ COL,--,"18-STP URBAN, NON-STATE SYS.",SHELBY
496,168,7,6,0.0,1.371,1.371,0.0474723,DAVIES PLANTATION RD.,7902278001,U / MAJ COL,--,"18-STP URBAN, NON-STATE SYS.",SHELBY
497,1162,7,6,0.0,0.34,0.34,0.01177285,DAVIES PLANTATION RD. E.,7905683001,U / MAJ COL,--,"18-STP URBAN, NON-STATE SYS.",SHELBY
498,1186,7,6,0.0,0.264,0.264,0.00914127,BURROWTOWN RD.,790A012001,R / LOCAL,--,11-OTHER COUNTY ROADS,SHELBY
499,1468,7,6,0.826,0.981,0.155,0.00536704,SEWARD RD.,790A243001,R / LOCAL,--,11-OTHER COUNTY ROADS,SHELBY
500,5855,7,6,0.0,0.24,0.24,0.00831025,CINDERS RD.,790D876001,U / LOCAL,--,12-OTHER CITY STREETS,SHELBY
501,5859,7,6,0.0,0.669,0.669,0.02316482,BON LIN DR.,790D881001,U / LOCAL,--,12-OTHER CITY STREETS,SHELBY
502,5868,7,6,0.0,0.119,0.119,0.0041205,MEMPHIS ARLINGTON RD.,790D889001,U / LOCAL,--,12-OTHER CITY STREETS,SHELBY
503,5869,7,6,0.119,2.544,2.425,0.08396814,MEMPHIS ARLINGTON RD.,790D889001,U / LOCAL,--,11-OTHER COUNTY ROADS,SHELBY
504,5871,7,6,5.22,6.109,0.889,0.03078255,MEMPHIS ARLINGTON RD.,790D889001,R / LOCAL,--,12-OTHER CITY STREETS,SHELBY
505,5874,7,6,0.0,1.032,1.032,0.03573407,PLANTERS VIEW RD.,790D890001,U / LOCAL,--,12-OTHER CITY STREETS,SHELBY
506,5876,7,6,0.0,1.134,1.134,0.03926593,HILLMAN WAY DR.,790D892001,U / LOCAL,--,12-OTHER CITY STREETS,SHELBY
507,12588,7,6,0.0,1.251,1.251,0.04331717,DAVIES MANOR DR.,790K627001,U / LOCAL,--,12-OTHER CITY STREETS,SHELBY
508,12590,7,6,1.551,2.498,0.947,0.03279086,SAINT PHILIP DR.,790K627001,U / LOCAL,--,12-OTHER CITY STREETS,SHELBY
509,13065,7,6,0.0,0.148,0.148,0.00512465,BRANSON DR.,790L012001,U / LOCAL,--,12-OTHER CITY STREETS,SHELBY
510,13070,7,6,0.0,0.077,0.077,0.0026662,BALLARD CV.,790L015001,U / LOCAL,--,12-OTHER CITY STREETS,SHELBY
511,13344,7,6,0.0,0.27,0.27,0.00934903,GOLDEN VALLEY LN.,790L251001,U / LOCAL,--,12-OTHER CITY STREETS,SHELBY
512,13346,7,6,0.554,0.586,0.032,0.00110803,ELLIS VALLEY DR.,790L251001,U / LOCAL,--,12-OTHER CITY STREETS,SHELBY
513,13347,7,6,0.0,0.129,0.129,0.00446676,RICHLAND VALLEY DR.,790L252001,U / LOCAL,--,12-OTHER CITY STREETS,SHELBY
514,13350,7,6,0.009,1.47,1.461,0.05058864,NEW BRUNSWICK RD.,790L254001,U / LOCAL,--,12-OTHER CITY STREETS,SHELBY
515,13353,7,6,0.0,0.264,0.264,0.00914127,SPOTTED FAWN DR.,790L257001,U / LOCAL,--,12-OTHER CITY STREETS,SHELBY
516,13354,7,6,0.0,0.203,0.203,0.00702909,RICHLAND LAKE DR.,790L258001,U / LOCAL,--,12-OTHER CITY STREETS,SHELBY
517,13358,7,6,0.0,0.217,0.217,0.00751385,RICHLAND VIEW LN.,790L261001,U / LOCAL,--,12-OTHER CITY STREETS,SHELBY
518,13370,7,6,0.196,0.245,0.049,0.00169668,FLETCHER RIDGE LN.,790L272001,U / LOCAL,--,12-OTHER CITY STREETS,SHELBY
519,13398,7,6,0.0,0.319,0.319,0.01104571,MARY OAKS DR.,790L300001,U / LOCAL,--,12-OTHER CITY STREETS,SHELBY
520,13412,7,6,0.0,0.061,0.061,0.00211219,BLUESLATE CV.,790L313001,U / LOCAL,--,12-OTHER CITY STREETS,SHELBY
521,13423,7,6,0.0,0.31,0.31,0.01073407,PATCHES DR.,790L321001,U / LOCAL,--,12-OTHER CITY STREETS,SHELBY
522,13429,7,6,0.0,0.766,0.766,0.02652355,PEMBROKE-ELLIS DR.,790L325001,U / LOCAL,--,12-OTHER CITY STREETS,SHELBY
523,13446,7,6,0.0,0.078,0.078,0.00270083,LUCY GAGE CV.,790L341001,U / LOCAL,--,12-OTHER CITY STREETS,SHELBY
524,13450,7,6,0.0,0.821,0.821,0.02842798,ALFRED DR.,790L345001,U / LOCAL,--,12-OTHER CITY STREETS,SHELBY
525,13577,7,6,0.216,0.928,0.712,0.02465374,MT. GILLESPIE DR.,790L452001,U / LOCAL,--,12-OTHER CITY STREETS,SHELBY
526,15434,7,6,0.0,0.555,0.555,0.01921745,WINDERSVILLE RD.,790N086001,U / LOCAL,--,12-OTHER CITY STREETS,SHELBY
527,16060,7,6,20.299,22.126,1.827,0.06326177,US-HWY. 70 / 79,79SR001001,U OTH PRIN  ART,PRIMARY,"13-NHS URBAN, STATE SYS.",SHELBY
528,16061,7,6,22.126,25.617,3.491,0.1208795,US-HWY. 70 / 79,79SR001001,U OTH PRIN  ART,PRIMARY,"13-NHS URBAN, STATE SYS.",SHELBY
529,16169,7,6,8.59,10.387,1.797,0.06222299,US-HWY. 64,79SR015001,U OTH PRIN  ART,PRIMARY,"13-NHS URBAN, STATE SYS.",SHELBY
530,16170,7,6,10.387,10.96,0.573,0.01984072,US-HWY. 64,79SR015001,U OTH PRIN  ART,PRIMARY,"13-NHS URBAN, STATE SYS.",SHELBY
531,16255,7,6,12.55,12.85,0.3,0.01038781,GERMANTOWN RD.,79SR177001,U / MIN ART,SECONDARY,"21-STP URBAN, STATE SYS.",SHELBY
532,16256,7,6,12.85,13.11,0.26,0.00900277,GERMANTOWN RD.,79SR177001,U / MIN ART,SECONDARY,"21-STP URBAN, STATE SYS.",SHELBY
533,85,8,7,2.648,3.64,0.992,0.06162256,FOREST HILL-IRENE RD.,7901455001,U / MIN ART,--,"18-STP URBAN, NON-STATE SYS.",SHELBY
534,102,8,7,0.0,0.034,0.034,0.00211206,NEW BRUNSWICK RD.,7901459001,U / MAJ COL,--,"18-STP URBAN, NON-STATE SYS.",SHELBY
535,103,8,7,0.034,0.156,0.122,0.00757858,BRUNSWICK RD.,7901459001,U / MAJ COL,--,"18-STP URBAN, NON-STATE SYS.",SHELBY
536,582,8,7,0.0,0.011,0.011,0.00068331,APPLING RD.,7904452001,U / MIN ART,--,"18-STP URBAN, NON-STATE SYS.",SHELBY
537,834,8,7,0.0,0.746,0.746,0.04634116,KATE BOND RD.,7905136001,U / MAJ COL,--,"18-STP URBAN, NON-STATE SYS.",SHELBY
538,1081,8,7,0.0,1.44,1.44,0.08945211,BROTHER BLVD.,7905428001,U / MIN ART,--,"18-STP URBAN, NON-STATE SYS.",SHELBY
539,5863,8,7,0.0,0.517,0.517,0.03211579,ORGILL RD.,790D885001,U / LOCAL,--,12-OTHER CITY STREETS,SHELBY
540,7355,8,7,0.0,0.015,0.015,0.00093179,KATE BOND RD.,790F216001,U / LOCAL,--,12-OTHER CITY STREETS,SHELBY
541,7356,8,7,0.015,0.309,0.294,0.01826314,KATE BOND RD.,790F216001,U / LOCAL,--,12-OTHER CITY STREETS,SHELBY
542,7357,8,7,0.309,0.899,0.59,0.03665052,STAGE HILL RD.,790F216001,U / LOCAL,--,12-OTHER CITY STREETS,SHELBY
543,9079,8,7,0.0,0.096,0.096,0.00596347,CAIRN CREEK CV.,790G701001,U / LOCAL,--,12-OTHER CITY STREETS,SHELBY
544,10047,8,7,0.0,0.346,0.346,0.02149335,A. E. BEATY DR.,790H558001,U / LOCAL,--,12-OTHER CITY STREETS,SHELBY
545,10067,8,7,0.565,1.072,0.507,0.0314946,FISHER STEEL RD.,790H573001,U / LOCAL,--,12-OTHER CITY STREETS,SHELBY
546,13332,8,7,0.0,0.269,0.269,0.01671015,STAGE POST DR.,790L240001,U / LOCAL,--,12-OTHER CITY STREETS,SHELBY
547,13339,8,7,0.109,0.179,0.07,0.00434837,BARTLETT CORPORATE CV. E.,790L248001,U / LOCAL,--,12-OTHER CITY STREETS,SHELBY
548,13349,8,7,0.0,0.009,0.009,0.00055908,NEW BRUNSWICK RD.,790L254001,U / LOCAL,--,12-OTHER CITY STREETS,SHELBY
549,13351,8,7,0.0,0.376,0.376,0.02335694,WOLF LAKE DR.,790L255001,U / LOCAL,--,12-OTHER CITY STREETS,SHELBY
550,13352,8,7,0.0,0.257,0.257,0.01596472,LADURL DR.,790L256001,U / LOCAL,--,12-OTHER CITY STREETS,SHELBY
551,13361,8,7,0.0,0.284,0.284,0.01764194,LADURL DR.,790L264001,U / LOCAL,--,12-OTHER CITY STREETS,SHELBY
552,13406,8,7,0.0,0.331,0.331,0.02056156,WOLF CREEK PKWY.,790L307001,U / LOCAL,--,12-OTHER CITY STREETS,SHELBY
553,13410,8,7,0.26,0.458,0.198,0.01229966,GIACOSA PL.,790L310001,U / LOCAL,--,12-OTHER CITY STREETS,SHELBY
554,13416,8,7,0.0,0.026,0.026,0.00161511,WALMART DR.,790L317001,U / LOCAL,--,12-OTHER CITY STREETS,SHELBY
555,13417,8,7,0.026,0.169,0.143,0.00888309,WALMART DR.,790L317001,U / LOCAL,--,12-OTHER CITY STREETS,SHELBY
556,16164,8,7,5.125,8.32,3.195,0.19847186,US-HWY. 64,79SR015001,U OTH PRIN  ART,SECONDARY,"13-NHS URBAN, STATE SYS.",SHELBY
557,16251,8,7,7.32,10.18,2.86,0.17766182,GERMANTOWN RD.,79SR177001,U OTH PRIN  ART,SECONDARY,"13-NHS URBAN, STATE SYS.",SHELBY
558,16252,8,7,10.18,10.82,0.64,0.03975649,GERMANTOWN RD.,79SR177001,U OTH PRIN  ART,SECONDARY,"13-NHS URBAN, STATE SYS.",SHELBY
559,16253,8,7,10.82,10.845,0.025,0.00155299,GERMANTOWN RD.,79SR177001,U / MIN ART,SECONDARY,"21-STP URBAN, STATE SYS.",SHELBY
560,16254,8,7,10.845,12.55,1.705,0.10591378,GERMANTOWN RD.,79SR177001,U / MIN ART,SECONDARY,"21-STP URBAN, STATE SYS.",SHELBY
0,5849,1,0,0.0,0.251,0.251,0.23479888,CAROL ELAINE CIR.,790D872001,U / LOCAL,--,12-OTHER CITY STREETS,SHELBY
1,5850,1,0,0.251,0.453,0.202,0.18896165,LINDA JOYCE DR.,790D872001,U / LOCAL,--,12-OTHER CITY STREETS,SHELBY
2,12586,1,0,0.0,0.073,0.073,0.06828812,OAK RD.,790K625001,U / LOCAL,--,12-OTHER CITY STREETS,SHELBY
3,13376,1,0,0.524,0.603,0.079,0.07390084,POST ELM LN.,790L277001,U / LOCAL,--,12-OTHER CITY STREETS,SHELBY
4,13384,1,0,0.0,0.154,0.154,0.14405987,MORNING DEW LN.,790L284001,U / LOCAL,--,12-OTHER CITY STREETS,SHELBY
5,13392,1,0,0.0,0.161,0.161,0.15060804,CHARBON LN.,790L293001,U / LOCAL,--,12-OTHER CITY STREETS,SHELBY
6,13843,1,0,0.0,0.149,0.149,0.1393826,TINA CV.,790L669001,U / LOCAL,--,12-OTHER CITY STREETS,SHELBY
7,5735,2,1,0.0,0.264,0.264,0.11924119,GREENLEAF ST.,790D784001,U / LOCAL,--,12-OTHER CITY STREETS,SHELBY
8,5777,2,1,0.0,0.319,0.319,0.14408311,ROBIN HILL RD.,790D818001,U / LOCAL,--,12-OTHER CITY STREETS,SHELBY
9,5789,2,1,0.0,0.314,0.314,0.14182475,HEATHER HILL DR.,790D828001,U / LOCAL,--,12-OTHER CITY STREETS,SHELBY
10,5797,2,1,0.0,0.219,0.219,0.09891599,SABAL HILL DR.,790D832001,U / LOCAL,--,12-OTHER CITY STREETS,SHELBY
11,13401,2,1,0.224,0.406,0.182,0.08220416,RUSSELL HURST DR. W.,790L302001,U / LOCAL,--,12-OTHER CITY STREETS,SHELBY
12,13880,2,1,0.0,0.25,0.25,0.1129178,DEERFIELD RD.,790L699001,U / LOCAL,--,12-OTHER CITY STREETS,SHELBY
13,13908,2,1,0.0,0.135,0.135,0.06097561,MILKYWAY CV.,790L726001,U / LOCAL,--,12-OTHER CITY STREETS,SHELBY
14,14988,2,1,0.0,0.079,0.079,0.03568202,OAK TRACE DR.,790M592001,U / LOCAL,--,12-OTHER CITY STREETS,SHELBY
15,14992,2,1,0.479,0.729,0.25,0.1129178,MELANIE JUNE DR.,790M594001,U / LOCAL,--,12-OTHER CITY STREETS,SHELBY
16,15038,2,1,0.0,0.096,0.096,0.04336043,MORNINGRISE CV.,790M629001,U / LOCAL,--,12-OTHER CITY STREETS,SHELBY
17,15045,2,1,0.0,0.106,0.106,0.04787715,AUTRY CV.,790M635001,U / LOCAL,--,12-OTHER CITY STREETS,SHELBY
18,5553,3,2,0.0,0.236,0.236,0.19124797,BRENNERS PL.,790D634001,U / LOCAL,--,12-OTHER CITY STREETS,SHELBY
19,5575,3,2,0.0,0.055,0.055,0.0445705,DOE RUN LN.,790D650001,U / LOCAL,--,12-OTHER CITY STREETS,SHELBY
20,5596,3,2,1.349,1.594,0.245,0.19854133,HAWTHORNE RD.,790D666001,U / LOCAL,--,12-OTHER CITY STREETS,SHELBY
21,5598,3,2,0.0,0.332,0.332,0.26904376,EXPLORER AVE.,790D667001,U / LOCAL,--,12-OTHER CITY STREETS,SHELBY
22,5601,3,2,0.0,0.141,0.141,0.11426256,SPRUCE HOLLOW CV.,790D670001,U / LOCAL,--,12-OTHER CITY STREETS,SHELBY
23,5607,3,2,0.0,0.225,0.225,0.18233387,IVAWOOD DR.,790D675001,U / LOCAL,--,12-OTHER CITY STREETS,SHELBY
24,799,4,3,0.0,0.011,0.011,0.00275551,ST. ELMO RD.,7905126001,U / MIN ART,--,"18-STP URBAN, NON-STATE SYS.",SHELBY
25,5344,4,3,0.0,0.247,0.247,0.06187375,BLACKWELL RD.,790D464001,U / LOCAL,--,12-OTHER CITY STREETS,SHELBY
26,5466,4,3,0.0,0.247,0.247,0.06187375,BURKEHILL DR.,790D559001,U / LOCAL,--,12-OTHER CITY STREETS,SHELBY
27,5468,4,3,0.327,0.702,0.375,0.09393788,OAK WALK LN.,790D560001,U / LOCAL,--,12-OTHER CITY STREETS,SHELBY
28,5487,4,3,0.336,0.451,0.115,0.02880762,KEVIN DR.,790D577001,U / LOCAL,--,12-OTHER CITY STREETS,SHELBY
29,5498,4,3,0.0,0.134,0.134,0.03356713,BARKLEY CV.,790D583001,U / LOCAL,--,12-OTHER CITY STREETS,SHELBY
30,5515,4,3,0.0,0.105,0.105,0.02630261,KESSHOND CV.,790D597001,U / LOCAL,--,12-OTHER CITY STREETS,SHELBY
31,5641,4,3,0.107,0.338,0.231,0.05786573,LEERIDGE DR.,790D701001,U / LOCAL,--,12-OTHER CITY STREETS,SHELBY
32,5643,4,3,0.0,0.452,0.452,0.11322645,PRAIRIE VIEW DR.,790D703001,U / LOCAL,--,12-OTHER CITY STREETS,SHELBY
33,5661,4,3,0.0,0.468,0.468,0.11723447,STAR VALLEY DR.,790D719001,U / LOCAL,--,12-OTHER CITY STREETS,SHELBY
34,7542,4,3,0.0,0.088,0.088,0.02204409,CRICKET GLEN CV.,790F372001,U / LOCAL,--,12-OTHER CITY STREETS,SHELBY
35,14977,4,3,0.0,0.043,0.043,0.01077154,TYRON CV.,790M584001,U / LOCAL,--,12-OTHER CITY STREETS,SHELBY
36,15037,4,3,0.0,0.104,0.104,0.0260521,SUNRISE RIDGE CIR.,790M628001,U / LOCAL,--,12-OTHER CITY STREETS,SHELBY
37,15049,4,3,0.0,0.085,0.085,0.02129259,SANDSTONE CV.,790M639001,U / LOCAL,--,12-OTHER CITY STREETS,SHELBY
38,15051,4,3,0.0,0.068,0.068,0.01703407,LANDMARK CV.,790M641001,U / LOCAL,--,12-OTHER CITY STREETS,SHELBY
39,15053,4,3,0.0,0.061,0.061,0.01528056,STONEY CV.,790M643001,U / LOCAL,--,12-OTHER CITY STREETS,SHELBY
40,15101,4,3,0.212,0.398,0.186,0.04659319,WINDY SCAPE DR.,790M685001,U / LOCAL,--,12-OTHER CITY STREETS,SHELBY
41,15195,4,3,0.0,0.146,0.146,0.03657315,BUCKHEAD LN.,790M755001,U / LOCAL,--,12-OTHER CITY STREETS,SHELBY
42,16151,4,3,26.155,26.981,0.826,0.20691383,AUSTIN PEAY HWY.,79SR014001,U OTH PRIN  ART,PRIMARY,"13-NHS URBAN, STATE SYS.",SHELBY
43,5771,5,4,0.116,0.233,0.117,0.04674391,BRIER HILL DR.,790D813001,U / LOCAL,--,12-OTHER CITY STREETS,SHELBY
44,5822,5,4,0.0,0.009,0.009,0.00359569,HATCH LN.,790D852001,U / LOCAL,--,12-OTHER CITY STREETS,SHELBY
45,15025,5,4,0.0,0.085,0.085,0.03395925,HIDDEN FERN CT.,790M622001,U / LOCAL,--,12-OTHER CITY STREETS,SHELBY
46,15322,5,4,0.103,0.265,0.162,0.06472233,BISHOPS VALLEY CV.,790M861001,U / LOCAL,--,12-OTHER CITY STREETS,SHELBY
47,15638,5,4,0.0,0.139,0.139,0.05553336,FISKE VALLEY DR.,790N246001,U / LOCAL,--,12-OTHER CITY STREETS,SHELBY
48,15664,5,4,0.0,0.102,0.102,0.0407511,FERNCREST LN.,790N265001,U / LOCAL,--,12-OTHER CITY STREETS,SHELBY
49,15667,5,4,0.0,0.062,0.062,0.02477028,LUXURY LN.,790N266001,U / LOCAL,--,12-OTHER CITY STREETS,SHELBY
50,15672,5,4,0.0,0.247,0.247,0.09868158,SIR GALAHAD LN.,790N270001,U / LOCAL,--,12-OTHER CITY STREETS,SHELBY
51,15717,5,4,0.073,0.222,0.149,0.05952857,RAVENCREST CV. N.,790N299001,U / LOCAL,--,12-OTHER CITY STREETS,SHELBY
52,15723,5,4,0.0,0.178,0.178,0.07111466,MAGGIE OAKS DR.,790N305001,U / LOCAL,--,12-OTHER CITY STREETS,SHELBY
53,15742,5,4,0.0,0.278,0.278,0.11106672,KINGS OASIS WAY,790N318001,U / LOCAL,--,12-OTHER CITY STREETS,SHELBY
54,15770,5,4,0.0,0.524,0.524,0.20934878,PINEY RIVER RD.,790N338001,U / LOCAL,--,12-OTHER CITY STREETS,SHELBY
55,15774,5,4,0.0,0.226,0.226,0.09029165,NEEDLE RIDGE RD.,790N341001,U / LOCAL,--,12-OTHER CITY STREETS,SHELBY
56,15775,5,4,0.226,0.451,0.225,0.08989213,DUCK RIVER RD.,790N341001,U / LOCAL,--,12-OTHER CITY STREETS,SHELBY
57,2218,6,5,0.0,0.096,0.096,0.03174603,RIVER OAKS RD.,790A847001,U / LOCAL,--,12-OTHER CITY STREETS,SHELBY
58,5836,6,5,0.0,0.168,0.168,0.05555556,CLARENCE RD.,790D863001,U / LOCAL,--,12-OTHER CITY STREETS,SHELBY
59,15148,6,5,0.0,0.284,0.284,0.09391534,BAILEY DR.,790M719001,U / LOCAL,--,12-OTHER CITY STREETS,SHELBY
60,15157,6,5,0.0,0.239,0.239,0.07903439,BOURNE HOLLOW LN.,790M724001,U / LOCAL,--,12-OTHER CITY STREETS,SHELBY
61,15163,6,5,0.0,0.258,0.258,0.08531746,BREEZY MEADOWS LN.,790M730001,U / LOCAL,--,12-OTHER CITY STREETS,SHELBY
62,15170,6,5,0.102,0.233,0.131,0.04332011,WHEELERS RUN CV.,790M735001,U / LOCAL,--,12-OTHER CITY STREETS,SHELBY
63,15187,6,5,0.0,0.123,0.123,0.0406746,HILLYGLEN CV.,790M748001,U / LOCAL,--,12-OTHER CITY STREETS,SHELBY
64,15202,6,5,0.0,0.321,0.321,0.10615079,WILL FALL RD.,790M761001,U / LOCAL,--,12-OTHER CITY STREETS,SHELBY
65,15207,6,5,0.157,0.284,0.127,0.04199735,WHITE WING CV. W.,790M765001,U / LOCAL,--,12-OTHER CITY STREETS,SHELBY
66,15216,6,5,0.0,0.192,0.192,0.06349206,ASHLAND GROVE ST.,790M771001,U / LOCAL,--,12-OTHER CITY STREETS,SHELBY
67,15221,6,5,0.0,0.05,0.05,0.01653439,BRISTOL WOODS CV.,790M775001,U / LOCAL,--,12-OTHER CITY STREETS,SHELBY
68,15286,6,5,0.0,0.34,0.34,0.11243386,SHADOW VIEW LN.,790M833001,U / LOCAL,--,12-OTHER CITY STREETS,SHELBY
69,15287,6,5,0.0,0.547,0.547,0.18088624,SHADOW FORK LN.,790M834001,U / LOCAL,--,12-OTHER CITY STREETS,SHELBY
70,15289,6,5,0.294,0.442,0.148,0.0489418,BUCKHEAD CIR.,790M835001,U / LOCAL,--,12-OTHER CITY STREETS,SHELBY
71,13345,7,6,0.27,0.554,0.284,0.19735928,BARTLETT GAP DR.,790L251001,U / LOCAL,--,12-OTHER CITY STREETS,SHELBY
72,13348,7,6,0.0,0.369,0.369,0.25642808,WOLF SHADOW LN.,790L253001,U / LOCAL,--,12-OTHER CITY STREETS,SHELBY
73,13362,7,6,0.0,0.282,0.282,0.19596942,STONY GLEN DR.,790L265001,U / LOCAL,--,12-OTHER CITY STREETS,SHELBY
74,13369,7,6,0.0,0.196,0.196,0.1362057,VALLEY CHASE LN.,790L272001,U / LOCAL,--,12-OTHER CITY STREETS,SHELBY
75,13419,7,6,0.196,0.267,0.071,0.04933982,BRUNSWICK FOREST CIR. W.,790L318001,U / LOCAL,--,12-OTHER CITY STREETS,SHELBY
76,13424,7,6,0.31,0.351,0.041,0.02849201,ANN WELTING CV.,790L321001,U / LOCAL,--,12-OTHER CITY STREETS,SHELBY
77,13491,7,6,0.0,0.196,0.196,0.1362057,ANDERTON SPRINGS CV.,790L378001,U / LOCAL,--,12-OTHER CITY STREETS,SHELBY
78,13363,8,7,0.0,0.15,0.15,0.55970149,STERLAND CIR.,790L266001,U / LOCAL,--,12-OTHER CITY STREETS,SHELBY
79,13415,8,7,0.0,0.118,0.118,0.44029851,E. MALL DR.,790L316001,U / LOCAL,--,12-OTHER CITY STREETS,SHELBY
